[
    {
        "prob": [
            0.2235294117647059, 
            0.28627450980392155, 
            0.20392156862745098, 
            0.28627450980392155
        ], 
        "attr": null, 
        "parent": null, 
        "feature": 2, 
        "id": 24312, 
        "output": null, 
        "dataset": null, 
        "children": [
            24313, 
            24319, 
            24356, 
            24362
        ]
    }, 
    {
        "prob": [
            0.19298245614035087, 
            0.19298245614035087, 
            0.19298245614035087, 
            0.21052631578947367, 
            0.21052631578947367
        ], 
        "attr": "down", 
        "parent": 24312, 
        "feature": 1, 
        "id": 24313, 
        "output": null, 
        "dataset": null, 
        "children": [
            24314, 
            24315, 
            24316, 
            24317, 
            24318
        ]
    }, 
    {
        "prob": [
            1.0
        ], 
        "attr": 0, 
        "parent": 24313, 
        "feature": null, 
        "id": 24314, 
        "output": [
            1
        ], 
        "dataset": [
            [
                0, 
                0, 
                "down", 
                1
            ], 
            [
                1, 
                0, 
                "down", 
                1
            ], 
            [
                1, 
                0, 
                "down", 
                1
            ], 
            [
                3, 
                0, 
                "down", 
                1
            ], 
            [
                4, 
                0, 
                "down", 
                1
            ], 
            [
                5, 
                0, 
                "down", 
                1
            ], 
            [
                6, 
                0, 
                "down", 
                1
            ], 
            [
                7, 
                0, 
                "down", 
                1
            ], 
            [
                8, 
                0, 
                "down", 
                1
            ], 
            [
                8, 
                0, 
                "down", 
                1
            ], 
            [
                9, 
                0, 
                "down", 
                1
            ]
        ], 
        "children": []
    }, 
    {
        "prob": [
            1.0
        ], 
        "attr": 1, 
        "parent": 24313, 
        "feature": null, 
        "id": 24315, 
        "output": [
            1
        ], 
        "dataset": [
            [
                0, 
                1, 
                "down", 
                1
            ], 
            [
                0, 
                1, 
                "down", 
                1
            ], 
            [
                1, 
                1, 
                "down", 
                1
            ], 
            [
                1, 
                1, 
                "down", 
                1
            ], 
            [
                2, 
                1, 
                "down", 
                1
            ], 
            [
                3, 
                1, 
                "down", 
                1
            ], 
            [
                4, 
                1, 
                "down", 
                1
            ], 
            [
                5, 
                1, 
                "down", 
                1
            ], 
            [
                6, 
                1, 
                "down", 
                1
            ], 
            [
                7, 
                1, 
                "down", 
                1
            ], 
            [
                8, 
                1, 
                "down", 
                1
            ]
        ], 
        "children": []
    }, 
    {
        "prob": [
            1.0
        ], 
        "attr": 2, 
        "parent": 24313, 
        "feature": null, 
        "id": 24316, 
        "output": [
            1
        ], 
        "dataset": [
            [
                0, 
                2, 
                "down", 
                1
            ], 
            [
                1, 
                2, 
                "down", 
                1
            ], 
            [
                1, 
                2, 
                "down", 
                1
            ], 
            [
                2, 
                2, 
                "down", 
                1
            ], 
            [
                3, 
                2, 
                "down", 
                1
            ], 
            [
                2, 
                2, 
                "down", 
                1
            ], 
            [
                4, 
                2, 
                "down", 
                1
            ], 
            [
                5, 
                2, 
                "down", 
                1
            ], 
            [
                6, 
                2, 
                "down", 
                1
            ], 
            [
                7, 
                2, 
                "down", 
                1
            ], 
            [
                6, 
                2, 
                "down", 
                1
            ]
        ], 
        "children": []
    }, 
    {
        "prob": [
            1.0
        ], 
        "attr": 3, 
        "parent": 24313, 
        "feature": null, 
        "id": 24317, 
        "output": [
            1
        ], 
        "dataset": [
            [
                0, 
                3, 
                "down", 
                1
            ], 
            [
                1, 
                3, 
                "down", 
                1
            ], 
            [
                2, 
                3, 
                "down", 
                1
            ], 
            [
                2, 
                3, 
                "down", 
                1
            ], 
            [
                1, 
                3, 
                "down", 
                1
            ], 
            [
                3, 
                3, 
                "down", 
                1
            ], 
            [
                2, 
                3, 
                "down", 
                1
            ], 
            [
                3, 
                3, 
                "down", 
                1
            ], 
            [
                6, 
                3, 
                "down", 
                1
            ], 
            [
                7, 
                3, 
                "down", 
                1
            ], 
            [
                7, 
                3, 
                "down", 
                1
            ], 
            [
                8, 
                3, 
                "down", 
                1
            ]
        ], 
        "children": []
    }, 
    {
        "prob": [
            1.0
        ], 
        "attr": 4, 
        "parent": 24313, 
        "feature": null, 
        "id": 24318, 
        "output": [
            0
        ], 
        "dataset": [
            [
                0, 
                4, 
                "down", 
                0
            ], 
            [
                1, 
                4, 
                "down", 
                0
            ], 
            [
                2, 
                4, 
                "down", 
                0
            ], 
            [
                3, 
                4, 
                "down", 
                0
            ], 
            [
                4, 
                4, 
                "down", 
                0
            ], 
            [
                3, 
                4, 
                "down", 
                0
            ], 
            [
                5, 
                4, 
                "down", 
                0
            ], 
            [
                6, 
                4, 
                "down", 
                0
            ], 
            [
                7, 
                4, 
                "down", 
                0
            ], 
            [
                7, 
                4, 
                "down", 
                0
            ], 
            [
                7, 
                4, 
                "down", 
                0
            ], 
            [
                8, 
                4, 
                "down", 
                0
            ]
        ], 
        "children": []
    }, 
    {
        "prob": [
            0.1506849315068493, 
            0.1095890410958904, 
            0.1232876712328767, 
            0.0958904109589041, 
            0.1095890410958904, 
            0.1095890410958904, 
            0.0958904109589041, 
            0.1232876712328767, 
            0.0684931506849315, 
            0.0136986301369863
        ], 
        "attr": "right", 
        "parent": 24312, 
        "feature": 0, 
        "id": 24319, 
        "output": null, 
        "dataset": null, 
        "children": [
            24320, 
            24326, 
            24331, 
            24332, 
            24338, 
            24339, 
            24345, 
            24346, 
            24351, 
            24355
        ]
    }, 
    {
        "prob": [
            0.2727272727272727, 
            0.09090909090909091, 
            0.2727272727272727, 
            0.2727272727272727, 
            0.09090909090909091
        ], 
        "attr": 0, 
        "parent": 24319, 
        "feature": 1, 
        "id": 24320, 
        "output": null, 
        "dataset": null, 
        "children": [
            24321, 
            24322, 
            24323, 
            24324, 
            24325
        ]
    }, 
    {
        "prob": [
            0.6666666666666666, 
            0.3333333333333333
        ], 
        "attr": 0, 
        "parent": 24320, 
        "feature": null, 
        "id": 24321, 
        "output": [
            0, 
            1
        ], 
        "dataset": [
            [
                0, 
                0, 
                "right", 
                0
            ], 
            [
                0, 
                0, 
                "right", 
                0
            ], 
            [
                0, 
                0, 
                "right", 
                1
            ]
        ], 
        "children": []
    }, 
    {
        "prob": [
            1.0
        ], 
        "attr": 1, 
        "parent": 24320, 
        "feature": null, 
        "id": 24322, 
        "output": [
            0
        ], 
        "dataset": [
            [
                0, 
                1, 
                "right", 
                0
            ]
        ], 
        "children": []
    }, 
    {
        "prob": [
            1.0
        ], 
        "attr": 2, 
        "parent": 24320, 
        "feature": null, 
        "id": 24323, 
        "output": [
            0
        ], 
        "dataset": [
            [
                0, 
                2, 
                "right", 
                0
            ], 
            [
                0, 
                2, 
                "right", 
                0
            ], 
            [
                0, 
                2, 
                "right", 
                0
            ]
        ], 
        "children": []
    }, 
    {
        "prob": [
            0.6666666666666666, 
            0.3333333333333333
        ], 
        "attr": 3, 
        "parent": 24320, 
        "feature": null, 
        "id": 24324, 
        "output": [
            0, 
            1
        ], 
        "dataset": [
            [
                0, 
                3, 
                "right", 
                0
            ], 
            [
                0, 
                3, 
                "right", 
                1
            ], 
            [
                0, 
                3, 
                "right", 
                0
            ]
        ], 
        "children": []
    }, 
    {
        "prob": [
            1.0
        ], 
        "attr": 4, 
        "parent": 24320, 
        "feature": null, 
        "id": 24325, 
        "output": [
            0
        ], 
        "dataset": [
            [
                0, 
                4, 
                "right", 
                0
            ]
        ], 
        "children": []
    }, 
    {
        "prob": [
            0.25, 
            0.25, 
            0.125, 
            0.375
        ], 
        "attr": 1, 
        "parent": 24319, 
        "feature": 1, 
        "id": 24326, 
        "output": null, 
        "dataset": null, 
        "children": [
            24327, 
            24328, 
            24329, 
            24330
        ]
    }, 
    {
        "prob": [
            1.0
        ], 
        "attr": 1, 
        "parent": 24326, 
        "feature": null, 
        "id": 24327, 
        "output": [
            0
        ], 
        "dataset": [
            [
                1, 
                1, 
                "right", 
                0
            ], 
            [
                1, 
                1, 
                "right", 
                0
            ]
        ], 
        "children": []
    }, 
    {
        "prob": [
            0.5, 
            0.5
        ], 
        "attr": 2, 
        "parent": 24326, 
        "feature": null, 
        "id": 24328, 
        "output": [
            0, 
            -1
        ], 
        "dataset": [
            [
                1, 
                2, 
                "right", 
                -1
            ], 
            [
                1, 
                2, 
                "right", 
                0
            ]
        ], 
        "children": []
    }, 
    {
        "prob": [
            1.0
        ], 
        "attr": 3, 
        "parent": 24326, 
        "feature": null, 
        "id": 24329, 
        "output": [
            0
        ], 
        "dataset": [
            [
                1, 
                3, 
                "right", 
                0
            ]
        ], 
        "children": []
    }, 
    {
        "prob": [
            0.6666666666666666, 
            0.3333333333333333
        ], 
        "attr": 4, 
        "parent": 24326, 
        "feature": null, 
        "id": 24330, 
        "output": [
            0, 
            -1
        ], 
        "dataset": [
            [
                1, 
                4, 
                "right", 
                0
            ], 
            [
                1, 
                4, 
                "right", 
                -1
            ], 
            [
                1, 
                4, 
                "right", 
                0
            ]
        ], 
        "children": []
    }, 
    {
        "prob": [
            1.0
        ], 
        "attr": 2, 
        "parent": 24319, 
        "feature": null, 
        "id": 24331, 
        "output": [
            0
        ], 
        "dataset": [
            [
                2, 
                4, 
                "right", 
                0
            ], 
            [
                2, 
                3, 
                "right", 
                0
            ], 
            [
                2, 
                2, 
                "right", 
                0
            ], 
            [
                2, 
                4, 
                "right", 
                0
            ], 
            [
                2, 
                4, 
                "right", 
                0
            ], 
            [
                2, 
                1, 
                "right", 
                0
            ], 
            [
                2, 
                1, 
                "right", 
                0
            ], 
            [
                2, 
                4, 
                "right", 
                0
            ], 
            [
                2, 
                4, 
                "right", 
                0
            ]
        ], 
        "children": []
    }, 
    {
        "prob": [
            0.14285714285714285, 
            0.42857142857142855, 
            0.14285714285714285, 
            0.14285714285714285, 
            0.14285714285714285
        ], 
        "attr": 3, 
        "parent": 24319, 
        "feature": 1, 
        "id": 24332, 
        "output": null, 
        "dataset": null, 
        "children": [
            24333, 
            24334, 
            24335, 
            24336, 
            24337
        ]
    }, 
    {
        "prob": [
            1.0
        ], 
        "attr": 0, 
        "parent": 24332, 
        "feature": null, 
        "id": 24333, 
        "output": [
            0
        ], 
        "dataset": [
            [
                3, 
                0, 
                "right", 
                0
            ]
        ], 
        "children": []
    }, 
    {
        "prob": [
            0.6666666666666666, 
            0.3333333333333333
        ], 
        "attr": 1, 
        "parent": 24332, 
        "feature": null, 
        "id": 24334, 
        "output": [
            0, 
            -1
        ], 
        "dataset": [
            [
                3, 
                1, 
                "right", 
                -1
            ], 
            [
                3, 
                1, 
                "right", 
                0
            ], 
            [
                3, 
                1, 
                "right", 
                0
            ]
        ], 
        "children": []
    }, 
    {
        "prob": [
            1.0
        ], 
        "attr": 2, 
        "parent": 24332, 
        "feature": null, 
        "id": 24335, 
        "output": [
            -1
        ], 
        "dataset": [
            [
                3, 
                2, 
                "right", 
                -1
            ]
        ], 
        "children": []
    }, 
    {
        "prob": [
            1.0
        ], 
        "attr": 3, 
        "parent": 24332, 
        "feature": null, 
        "id": 24336, 
        "output": [
            -1
        ], 
        "dataset": [
            [
                3, 
                3, 
                "right", 
                -1
            ]
        ], 
        "children": []
    }, 
    {
        "prob": [
            1.0
        ], 
        "attr": 4, 
        "parent": 24332, 
        "feature": null, 
        "id": 24337, 
        "output": [
            0
        ], 
        "dataset": [
            [
                3, 
                4, 
                "right", 
                0
            ]
        ], 
        "children": []
    }, 
    {
        "prob": [
            1.0
        ], 
        "attr": 4, 
        "parent": 24319, 
        "feature": null, 
        "id": 24338, 
        "output": [
            0
        ], 
        "dataset": [
            [
                4, 
                4, 
                "right", 
                0
            ], 
            [
                4, 
                1, 
                "right", 
                0
            ], 
            [
                4, 
                1, 
                "right", 
                0
            ], 
            [
                4, 
                1, 
                "right", 
                0
            ], 
            [
                4, 
                2, 
                "right", 
                0
            ], 
            [
                4, 
                0, 
                "right", 
                0
            ], 
            [
                4, 
                0, 
                "right", 
                0
            ], 
            [
                4, 
                4, 
                "right", 
                0
            ]
        ], 
        "children": []
    }, 
    {
        "prob": [
            0.125, 
            0.375, 
            0.125, 
            0.125, 
            0.25
        ], 
        "attr": 5, 
        "parent": 24319, 
        "feature": 1, 
        "id": 24339, 
        "output": null, 
        "dataset": null, 
        "children": [
            24340, 
            24341, 
            24342, 
            24343, 
            24344
        ]
    }, 
    {
        "prob": [
            1.0
        ], 
        "attr": 0, 
        "parent": 24339, 
        "feature": null, 
        "id": 24340, 
        "output": [
            0
        ], 
        "dataset": [
            [
                5, 
                0, 
                "right", 
                0
            ]
        ], 
        "children": []
    }, 
    {
        "prob": [
            0.6666666666666666, 
            0.3333333333333333
        ], 
        "attr": 1, 
        "parent": 24339, 
        "feature": null, 
        "id": 24341, 
        "output": [
            0, 
            -1
        ], 
        "dataset": [
            [
                5, 
                1, 
                "right", 
                0
            ], 
            [
                5, 
                1, 
                "right", 
                0
            ], 
            [
                5, 
                1, 
                "right", 
                -1
            ]
        ], 
        "children": []
    }, 
    {
        "prob": [
            1.0
        ], 
        "attr": 2, 
        "parent": 24339, 
        "feature": null, 
        "id": 24342, 
        "output": [
            0
        ], 
        "dataset": [
            [
                5, 
                2, 
                "right", 
                0
            ]
        ], 
        "children": []
    }, 
    {
        "prob": [
            1.0
        ], 
        "attr": 3, 
        "parent": 24339, 
        "feature": null, 
        "id": 24343, 
        "output": [
            -1
        ], 
        "dataset": [
            [
                5, 
                3, 
                "right", 
                -1
            ]
        ], 
        "children": []
    }, 
    {
        "prob": [
            1.0
        ], 
        "attr": 4, 
        "parent": 24339, 
        "feature": null, 
        "id": 24344, 
        "output": [
            0
        ], 
        "dataset": [
            [
                5, 
                4, 
                "right", 
                0
            ], 
            [
                5, 
                4, 
                "right", 
                0
            ]
        ], 
        "children": []
    }, 
    {
        "prob": [
            1.0
        ], 
        "attr": 6, 
        "parent": 24319, 
        "feature": null, 
        "id": 24345, 
        "output": [
            0
        ], 
        "dataset": [
            [
                6, 
                1, 
                "right", 
                0
            ], 
            [
                6, 
                0, 
                "right", 
                0
            ], 
            [
                6, 
                2, 
                "right", 
                0
            ], 
            [
                6, 
                2, 
                "right", 
                0
            ], 
            [
                6, 
                0, 
                "right", 
                0
            ], 
            [
                6, 
                3, 
                "right", 
                0
            ], 
            [
                6, 
                4, 
                "right", 
                0
            ]
        ], 
        "children": []
    }, 
    {
        "prob": [
            0.3333333333333333, 
            0.2222222222222222, 
            0.1111111111111111, 
            0.3333333333333333
        ], 
        "attr": 7, 
        "parent": 24319, 
        "feature": 1, 
        "id": 24346, 
        "output": null, 
        "dataset": null, 
        "children": [
            24347, 
            24348, 
            24349, 
            24350
        ]
    }, 
    {
        "prob": [
            0.6666666666666666, 
            0.3333333333333333
        ], 
        "attr": 0, 
        "parent": 24346, 
        "feature": null, 
        "id": 24347, 
        "output": [
            0, 
            1
        ], 
        "dataset": [
            [
                7, 
                0, 
                "right", 
                1
            ], 
            [
                7, 
                0, 
                "right", 
                0
            ], 
            [
                7, 
                0, 
                "right", 
                0
            ]
        ], 
        "children": []
    }, 
    {
        "prob": [
            1.0
        ], 
        "attr": 1, 
        "parent": 24346, 
        "feature": null, 
        "id": 24348, 
        "output": [
            0
        ], 
        "dataset": [
            [
                7, 
                1, 
                "right", 
                0
            ], 
            [
                7, 
                1, 
                "right", 
                0
            ]
        ], 
        "children": []
    }, 
    {
        "prob": [
            1.0
        ], 
        "attr": 2, 
        "parent": 24346, 
        "feature": null, 
        "id": 24349, 
        "output": [
            0
        ], 
        "dataset": [
            [
                7, 
                2, 
                "right", 
                0
            ]
        ], 
        "children": []
    }, 
    {
        "prob": [
            1.0
        ], 
        "attr": 4, 
        "parent": 24346, 
        "feature": null, 
        "id": 24350, 
        "output": [
            0
        ], 
        "dataset": [
            [
                7, 
                4, 
                "right", 
                0
            ], 
            [
                7, 
                4, 
                "right", 
                0
            ], 
            [
                7, 
                4, 
                "right", 
                0
            ]
        ], 
        "children": []
    }, 
    {
        "prob": [
            0.2, 
            0.6, 
            0.2
        ], 
        "attr": 8, 
        "parent": 24319, 
        "feature": 1, 
        "id": 24351, 
        "output": null, 
        "dataset": null, 
        "children": [
            24352, 
            24353, 
            24354
        ]
    }, 
    {
        "prob": [
            1.0
        ], 
        "attr": 0, 
        "parent": 24351, 
        "feature": null, 
        "id": 24352, 
        "output": [
            0
        ], 
        "dataset": [
            [
                8, 
                0, 
                "right", 
                0
            ]
        ], 
        "children": []
    }, 
    {
        "prob": [
            0.3333333333333333, 
            0.3333333333333333, 
            0.3333333333333333
        ], 
        "attr": 1, 
        "parent": 24351, 
        "feature": null, 
        "id": 24353, 
        "output": [
            0, 
            1, 
            -1
        ], 
        "dataset": [
            [
                8, 
                1, 
                "right", 
                -1
            ], 
            [
                8, 
                1, 
                "right", 
                0
            ], 
            [
                8, 
                1, 
                "right", 
                1
            ]
        ], 
        "children": []
    }, 
    {
        "prob": [
            1.0
        ], 
        "attr": 4, 
        "parent": 24351, 
        "feature": null, 
        "id": 24354, 
        "output": [
            0
        ], 
        "dataset": [
            [
                8, 
                4, 
                "right", 
                0
            ]
        ], 
        "children": []
    }, 
    {
        "prob": [
            1.0
        ], 
        "attr": 9, 
        "parent": 24319, 
        "feature": null, 
        "id": 24355, 
        "output": [
            0
        ], 
        "dataset": [
            [
                9, 
                0, 
                "right", 
                0
            ]
        ], 
        "children": []
    }, 
    {
        "prob": [
            0.17307692307692307, 
            0.23076923076923078, 
            0.19230769230769232, 
            0.15384615384615385, 
            0.25
        ], 
        "attr": "up", 
        "parent": 24312, 
        "feature": 1, 
        "id": 24356, 
        "output": null, 
        "dataset": null, 
        "children": [
            24357, 
            24358, 
            24359, 
            24360, 
            24361
        ]
    }, 
    {
        "prob": [
            1.0
        ], 
        "attr": 0, 
        "parent": 24356, 
        "feature": null, 
        "id": 24357, 
        "output": [
            0
        ], 
        "dataset": [
            [
                0, 
                0, 
                "up", 
                0
            ], 
            [
                1, 
                0, 
                "up", 
                0
            ], 
            [
                3, 
                0, 
                "up", 
                0
            ], 
            [
                5, 
                0, 
                "up", 
                0
            ], 
            [
                4, 
                0, 
                "up", 
                0
            ], 
            [
                6, 
                0, 
                "up", 
                0
            ], 
            [
                8, 
                0, 
                "up", 
                0
            ], 
            [
                7, 
                0, 
                "up", 
                0
            ], 
            [
                7, 
                0, 
                "up", 
                0
            ]
        ], 
        "children": []
    }, 
    {
        "prob": [
            1.0
        ], 
        "attr": 1, 
        "parent": 24356, 
        "feature": null, 
        "id": 24358, 
        "output": [
            -1
        ], 
        "dataset": [
            [
                0, 
                1, 
                "up", 
                -1
            ], 
            [
                1, 
                1, 
                "up", 
                -1
            ], 
            [
                2, 
                1, 
                "up", 
                -1
            ], 
            [
                3, 
                1, 
                "up", 
                -1
            ], 
            [
                4, 
                1, 
                "up", 
                -1
            ], 
            [
                5, 
                1, 
                "up", 
                -1
            ], 
            [
                5, 
                1, 
                "up", 
                -1
            ], 
            [
                6, 
                1, 
                "up", 
                -1
            ], 
            [
                7, 
                1, 
                "up", 
                -1
            ], 
            [
                8, 
                1, 
                "up", 
                -1
            ], 
            [
                8, 
                1, 
                "up", 
                -1
            ], 
            [
                7, 
                1, 
                "up", 
                -1
            ]
        ], 
        "children": []
    }, 
    {
        "prob": [
            1.0
        ], 
        "attr": 2, 
        "parent": 24356, 
        "feature": null, 
        "id": 24359, 
        "output": [
            -1
        ], 
        "dataset": [
            [
                0, 
                2, 
                "up", 
                -1
            ], 
            [
                2, 
                2, 
                "up", 
                -1
            ], 
            [
                1, 
                2, 
                "up", 
                -1
            ], 
            [
                1, 
                2, 
                "up", 
                -1
            ], 
            [
                3, 
                2, 
                "up", 
                -1
            ], 
            [
                4, 
                2, 
                "up", 
                -1
            ], 
            [
                5, 
                2, 
                "up", 
                -1
            ], 
            [
                6, 
                2, 
                "up", 
                -1
            ], 
            [
                7, 
                2, 
                "up", 
                -1
            ], 
            [
                8, 
                2, 
                "up", 
                -1
            ]
        ], 
        "children": []
    }, 
    {
        "prob": [
            1.0
        ], 
        "attr": 3, 
        "parent": 24356, 
        "feature": null, 
        "id": 24360, 
        "output": [
            -1
        ], 
        "dataset": [
            [
                0, 
                3, 
                "up", 
                -1
            ], 
            [
                2, 
                3, 
                "up", 
                -1
            ], 
            [
                1, 
                3, 
                "up", 
                -1
            ], 
            [
                3, 
                3, 
                "up", 
                -1
            ], 
            [
                1, 
                3, 
                "up", 
                -1
            ], 
            [
                3, 
                3, 
                "up", 
                -1
            ], 
            [
                4, 
                3, 
                "up", 
                -1
            ], 
            [
                6, 
                3, 
                "up", 
                -1
            ]
        ], 
        "children": []
    }, 
    {
        "prob": [
            1.0
        ], 
        "attr": 4, 
        "parent": 24356, 
        "feature": null, 
        "id": 24361, 
        "output": [
            -1
        ], 
        "dataset": [
            [
                0, 
                4, 
                "up", 
                -1
            ], 
            [
                1, 
                4, 
                "up", 
                -1
            ], 
            [
                2, 
                4, 
                "up", 
                -1
            ], 
            [
                0, 
                4, 
                "up", 
                -1
            ], 
            [
                3, 
                4, 
                "up", 
                -1
            ], 
            [
                4, 
                4, 
                "up", 
                -1
            ], 
            [
                3, 
                4, 
                "up", 
                -1
            ], 
            [
                3, 
                4, 
                "up", 
                -1
            ], 
            [
                3, 
                4, 
                "up", 
                -1
            ], 
            [
                5, 
                4, 
                "up", 
                -1
            ], 
            [
                6, 
                4, 
                "up", 
                -1
            ], 
            [
                7, 
                4, 
                "up", 
                -1
            ], 
            [
                8, 
                4, 
                "up", 
                -1
            ]
        ], 
        "children": []
    }, 
    {
        "prob": [
            0.0958904109589041, 
            0.1643835616438356, 
            0.1232876712328767, 
            0.0958904109589041, 
            0.0958904109589041, 
            0.0958904109589041, 
            0.1095890410958904, 
            0.0821917808219178, 
            0.0821917808219178, 
            0.0547945205479452
        ], 
        "attr": "left", 
        "parent": 24312, 
        "feature": 0, 
        "id": 24362, 
        "output": null, 
        "dataset": null, 
        "children": [
            24363, 
            24364, 
            24365, 
            24371, 
            24376, 
            24382, 
            24383, 
            24389, 
            24395, 
            24401
        ]
    }, 
    {
        "prob": [
            1.0
        ], 
        "attr": 0, 
        "parent": 24362, 
        "feature": null, 
        "id": 24363, 
        "output": [
            0
        ], 
        "dataset": [
            [
                0, 
                1, 
                "left", 
                0
            ], 
            [
                0, 
                2, 
                "left", 
                0
            ], 
            [
                0, 
                3, 
                "left", 
                0
            ], 
            [
                0, 
                2, 
                "left", 
                0
            ], 
            [
                0, 
                1, 
                "left", 
                0
            ], 
            [
                0, 
                0, 
                "left", 
                0
            ], 
            [
                0, 
                4, 
                "left", 
                0
            ]
        ], 
        "children": []
    }, 
    {
        "prob": [
            1.0
        ], 
        "attr": 1, 
        "parent": 24362, 
        "feature": null, 
        "id": 24364, 
        "output": [
            0
        ], 
        "dataset": [
            [
                1, 
                1, 
                "left", 
                0
            ], 
            [
                1, 
                4, 
                "left", 
                0
            ], 
            [
                1, 
                3, 
                "left", 
                0
            ], 
            [
                1, 
                0, 
                "left", 
                0
            ], 
            [
                1, 
                1, 
                "left", 
                0
            ], 
            [
                1, 
                2, 
                "left", 
                0
            ], 
            [
                1, 
                1, 
                "left", 
                0
            ], 
            [
                1, 
                3, 
                "left", 
                0
            ], 
            [
                1, 
                2, 
                "left", 
                0
            ], 
            [
                1, 
                0, 
                "left", 
                0
            ], 
            [
                1, 
                3, 
                "left", 
                0
            ], 
            [
                1, 
                4, 
                "left", 
                0
            ]
        ], 
        "children": []
    }, 
    {
        "prob": [
            0.1111111111111111, 
            0.1111111111111111, 
            0.2222222222222222, 
            0.3333333333333333, 
            0.2222222222222222
        ], 
        "attr": 2, 
        "parent": 24362, 
        "feature": 1, 
        "id": 24365, 
        "output": null, 
        "dataset": null, 
        "children": [
            24366, 
            24367, 
            24368, 
            24369, 
            24370
        ]
    }, 
    {
        "prob": [
            1.0
        ], 
        "attr": 0, 
        "parent": 24365, 
        "feature": null, 
        "id": 24366, 
        "output": [
            0
        ], 
        "dataset": [
            [
                2, 
                0, 
                "left", 
                0
            ]
        ], 
        "children": []
    }, 
    {
        "prob": [
            1.0
        ], 
        "attr": 1, 
        "parent": 24365, 
        "feature": null, 
        "id": 24367, 
        "output": [
            0
        ], 
        "dataset": [
            [
                2, 
                1, 
                "left", 
                0
            ]
        ], 
        "children": []
    }, 
    {
        "prob": [
            0.5, 
            0.5
        ], 
        "attr": 2, 
        "parent": 24365, 
        "feature": null, 
        "id": 24368, 
        "output": [
            0, 
            1
        ], 
        "dataset": [
            [
                2, 
                2, 
                "left", 
                1
            ], 
            [
                2, 
                2, 
                "left", 
                0
            ]
        ], 
        "children": []
    }, 
    {
        "prob": [
            1.0
        ], 
        "attr": 3, 
        "parent": 24365, 
        "feature": null, 
        "id": 24369, 
        "output": [
            0
        ], 
        "dataset": [
            [
                2, 
                3, 
                "left", 
                0
            ], 
            [
                2, 
                3, 
                "left", 
                0
            ], 
            [
                2, 
                3, 
                "left", 
                0
            ]
        ], 
        "children": []
    }, 
    {
        "prob": [
            1.0
        ], 
        "attr": 4, 
        "parent": 24365, 
        "feature": null, 
        "id": 24370, 
        "output": [
            0
        ], 
        "dataset": [
            [
                2, 
                4, 
                "left", 
                0
            ], 
            [
                2, 
                4, 
                "left", 
                0
            ]
        ], 
        "children": []
    }, 
    {
        "prob": [
            0.14285714285714285, 
            0.14285714285714285, 
            0.2857142857142857, 
            0.42857142857142855
        ], 
        "attr": 3, 
        "parent": 24362, 
        "feature": 1, 
        "id": 24371, 
        "output": null, 
        "dataset": null, 
        "children": [
            24372, 
            24373, 
            24374, 
            24375
        ]
    }, 
    {
        "prob": [
            1.0
        ], 
        "attr": 1, 
        "parent": 24371, 
        "feature": null, 
        "id": 24372, 
        "output": [
            0
        ], 
        "dataset": [
            [
                3, 
                1, 
                "left", 
                0
            ]
        ], 
        "children": []
    }, 
    {
        "prob": [
            1.0
        ], 
        "attr": 2, 
        "parent": 24371, 
        "feature": null, 
        "id": 24373, 
        "output": [
            0
        ], 
        "dataset": [
            [
                3, 
                2, 
                "left", 
                0
            ]
        ], 
        "children": []
    }, 
    {
        "prob": [
            0.5, 
            0.5
        ], 
        "attr": 3, 
        "parent": 24371, 
        "feature": null, 
        "id": 24374, 
        "output": [
            0, 
            -1
        ], 
        "dataset": [
            [
                3, 
                3, 
                "left", 
                -1
            ], 
            [
                3, 
                3, 
                "left", 
                0
            ]
        ], 
        "children": []
    }, 
    {
        "prob": [
            1.0
        ], 
        "attr": 4, 
        "parent": 24371, 
        "feature": null, 
        "id": 24375, 
        "output": [
            0
        ], 
        "dataset": [
            [
                3, 
                4, 
                "left", 
                0
            ], 
            [
                3, 
                4, 
                "left", 
                0
            ], 
            [
                3, 
                4, 
                "left", 
                0
            ]
        ], 
        "children": []
    }, 
    {
        "prob": [
            0.2857142857142857, 
            0.14285714285714285, 
            0.14285714285714285, 
            0.2857142857142857, 
            0.14285714285714285
        ], 
        "attr": 4, 
        "parent": 24362, 
        "feature": 1, 
        "id": 24376, 
        "output": null, 
        "dataset": null, 
        "children": [
            24377, 
            24378, 
            24379, 
            24380, 
            24381
        ]
    }, 
    {
        "prob": [
            0.5, 
            0.5
        ], 
        "attr": 0, 
        "parent": 24376, 
        "feature": null, 
        "id": 24377, 
        "output": [
            0, 
            1
        ], 
        "dataset": [
            [
                4, 
                0, 
                "left", 
                0
            ], 
            [
                4, 
                0, 
                "left", 
                1
            ]
        ], 
        "children": []
    }, 
    {
        "prob": [
            1.0
        ], 
        "attr": 1, 
        "parent": 24376, 
        "feature": null, 
        "id": 24378, 
        "output": [
            0
        ], 
        "dataset": [
            [
                4, 
                1, 
                "left", 
                0
            ]
        ], 
        "children": []
    }, 
    {
        "prob": [
            1.0
        ], 
        "attr": 2, 
        "parent": 24376, 
        "feature": null, 
        "id": 24379, 
        "output": [
            0
        ], 
        "dataset": [
            [
                4, 
                2, 
                "left", 
                0
            ]
        ], 
        "children": []
    }, 
    {
        "prob": [
            0.5, 
            0.5
        ], 
        "attr": 3, 
        "parent": 24376, 
        "feature": null, 
        "id": 24380, 
        "output": [
            0, 
            1
        ], 
        "dataset": [
            [
                4, 
                3, 
                "left", 
                0
            ], 
            [
                4, 
                3, 
                "left", 
                1
            ]
        ], 
        "children": []
    }, 
    {
        "prob": [
            1.0
        ], 
        "attr": 4, 
        "parent": 24376, 
        "feature": null, 
        "id": 24381, 
        "output": [
            0
        ], 
        "dataset": [
            [
                4, 
                4, 
                "left", 
                0
            ]
        ], 
        "children": []
    }, 
    {
        "prob": [
            1.0
        ], 
        "attr": 5, 
        "parent": 24362, 
        "feature": null, 
        "id": 24382, 
        "output": [
            0
        ], 
        "dataset": [
            [
                5, 
                4, 
                "left", 
                0
            ], 
            [
                5, 
                1, 
                "left", 
                0
            ], 
            [
                5, 
                2, 
                "left", 
                0
            ], 
            [
                5, 
                3, 
                "left", 
                0
            ], 
            [
                5, 
                0, 
                "left", 
                0
            ], 
            [
                5, 
                0, 
                "left", 
                0
            ], 
            [
                5, 
                4, 
                "left", 
                0
            ]
        ], 
        "children": []
    }, 
    {
        "prob": [
            0.25, 
            0.125, 
            0.25, 
            0.125, 
            0.25
        ], 
        "attr": 6, 
        "parent": 24362, 
        "feature": 1, 
        "id": 24383, 
        "output": null, 
        "dataset": null, 
        "children": [
            24384, 
            24385, 
            24386, 
            24387, 
            24388
        ]
    }, 
    {
        "prob": [
            0.5, 
            0.5
        ], 
        "attr": 0, 
        "parent": 24383, 
        "feature": null, 
        "id": 24384, 
        "output": [
            0, 
            1
        ], 
        "dataset": [
            [
                6, 
                0, 
                "left", 
                1
            ], 
            [
                6, 
                0, 
                "left", 
                0
            ]
        ], 
        "children": []
    }, 
    {
        "prob": [
            1.0
        ], 
        "attr": 1, 
        "parent": 24383, 
        "feature": null, 
        "id": 24385, 
        "output": [
            0
        ], 
        "dataset": [
            [
                6, 
                1, 
                "left", 
                0
            ]
        ], 
        "children": []
    }, 
    {
        "prob": [
            1.0
        ], 
        "attr": 2, 
        "parent": 24383, 
        "feature": null, 
        "id": 24386, 
        "output": [
            0
        ], 
        "dataset": [
            [
                6, 
                2, 
                "left", 
                0
            ], 
            [
                6, 
                2, 
                "left", 
                0
            ]
        ], 
        "children": []
    }, 
    {
        "prob": [
            1.0
        ], 
        "attr": 3, 
        "parent": 24383, 
        "feature": null, 
        "id": 24387, 
        "output": [
            1
        ], 
        "dataset": [
            [
                6, 
                3, 
                "left", 
                1
            ]
        ], 
        "children": []
    }, 
    {
        "prob": [
            1.0
        ], 
        "attr": 4, 
        "parent": 24383, 
        "feature": null, 
        "id": 24388, 
        "output": [
            0
        ], 
        "dataset": [
            [
                6, 
                4, 
                "left", 
                0
            ], 
            [
                6, 
                4, 
                "left", 
                0
            ]
        ], 
        "children": []
    }, 
    {
        "prob": [
            0.16666666666666666, 
            0.16666666666666666, 
            0.3333333333333333, 
            0.16666666666666666, 
            0.16666666666666666
        ], 
        "attr": 7, 
        "parent": 24362, 
        "feature": 1, 
        "id": 24389, 
        "output": null, 
        "dataset": null, 
        "children": [
            24390, 
            24391, 
            24392, 
            24393, 
            24394
        ]
    }, 
    {
        "prob": [
            1.0
        ], 
        "attr": 0, 
        "parent": 24389, 
        "feature": null, 
        "id": 24390, 
        "output": [
            0
        ], 
        "dataset": [
            [
                7, 
                0, 
                "left", 
                0
            ]
        ], 
        "children": []
    }, 
    {
        "prob": [
            1.0
        ], 
        "attr": 1, 
        "parent": 24389, 
        "feature": null, 
        "id": 24391, 
        "output": [
            1
        ], 
        "dataset": [
            [
                7, 
                1, 
                "left", 
                1
            ]
        ], 
        "children": []
    }, 
    {
        "prob": [
            1.0
        ], 
        "attr": 2, 
        "parent": 24389, 
        "feature": null, 
        "id": 24392, 
        "output": [
            0
        ], 
        "dataset": [
            [
                7, 
                2, 
                "left", 
                0
            ], 
            [
                7, 
                2, 
                "left", 
                0
            ]
        ], 
        "children": []
    }, 
    {
        "prob": [
            1.0
        ], 
        "attr": 3, 
        "parent": 24389, 
        "feature": null, 
        "id": 24393, 
        "output": [
            0
        ], 
        "dataset": [
            [
                7, 
                3, 
                "left", 
                0
            ]
        ], 
        "children": []
    }, 
    {
        "prob": [
            1.0
        ], 
        "attr": 4, 
        "parent": 24389, 
        "feature": null, 
        "id": 24394, 
        "output": [
            0
        ], 
        "dataset": [
            [
                7, 
                4, 
                "left", 
                0
            ]
        ], 
        "children": []
    }, 
    {
        "prob": [
            0.16666666666666666, 
            0.16666666666666666, 
            0.16666666666666666, 
            0.16666666666666666, 
            0.3333333333333333
        ], 
        "attr": 8, 
        "parent": 24362, 
        "feature": 1, 
        "id": 24395, 
        "output": null, 
        "dataset": null, 
        "children": [
            24396, 
            24397, 
            24398, 
            24399, 
            24400
        ]
    }, 
    {
        "prob": [
            1.0
        ], 
        "attr": 0, 
        "parent": 24395, 
        "feature": null, 
        "id": 24396, 
        "output": [
            0
        ], 
        "dataset": [
            [
                8, 
                0, 
                "left", 
                0
            ]
        ], 
        "children": []
    }, 
    {
        "prob": [
            1.0
        ], 
        "attr": 1, 
        "parent": 24395, 
        "feature": null, 
        "id": 24397, 
        "output": [
            0
        ], 
        "dataset": [
            [
                8, 
                1, 
                "left", 
                0
            ]
        ], 
        "children": []
    }, 
    {
        "prob": [
            1.0
        ], 
        "attr": 2, 
        "parent": 24395, 
        "feature": null, 
        "id": 24398, 
        "output": [
            0
        ], 
        "dataset": [
            [
                8, 
                2, 
                "left", 
                0
            ]
        ], 
        "children": []
    }, 
    {
        "prob": [
            1.0
        ], 
        "attr": 3, 
        "parent": 24395, 
        "feature": null, 
        "id": 24399, 
        "output": [
            -1
        ], 
        "dataset": [
            [
                8, 
                3, 
                "left", 
                -1
            ]
        ], 
        "children": []
    }, 
    {
        "prob": [
            1.0
        ], 
        "attr": 4, 
        "parent": 24395, 
        "feature": null, 
        "id": 24400, 
        "output": [
            0
        ], 
        "dataset": [
            [
                8, 
                4, 
                "left", 
                0
            ], 
            [
                8, 
                4, 
                "left", 
                0
            ]
        ], 
        "children": []
    }, 
    {
        "prob": [
            0.25, 
            0.5, 
            0.25
        ], 
        "attr": 9, 
        "parent": 24362, 
        "feature": 1, 
        "id": 24401, 
        "output": null, 
        "dataset": null, 
        "children": [
            24402, 
            24403, 
            24404
        ]
    }, 
    {
        "prob": [
            1.0
        ], 
        "attr": 0, 
        "parent": 24401, 
        "feature": null, 
        "id": 24402, 
        "output": [
            1
        ], 
        "dataset": [
            [
                9, 
                0, 
                "left", 
                1
            ]
        ], 
        "children": []
    }, 
    {
        "prob": [
            1.0
        ], 
        "attr": 1, 
        "parent": 24401, 
        "feature": null, 
        "id": 24403, 
        "output": [
            0
        ], 
        "dataset": [
            [
                9, 
                1, 
                "left", 
                0
            ], 
            [
                9, 
                1, 
                "left", 
                0
            ]
        ], 
        "children": []
    }, 
    {
        "prob": [
            1.0
        ], 
        "attr": 2, 
        "parent": 24401, 
        "feature": null, 
        "id": 24404, 
        "output": [
            1
        ], 
        "dataset": [
            [
                9, 
                2, 
                "left", 
                1
            ]
        ], 
        "children": []
    }
]
