[
    {
        "prob": [
            0.2235294117647059, 
            0.28627450980392155, 
            0.20392156862745098, 
            0.28627450980392155
        ], 
        "attr": null, 
        "parent": null, 
        "feature": 2, 
        "id": 24226, 
        "output": null, 
        "dataset": null, 
        "children": [
            24227, 
            24257, 
            24268, 
            24301
        ]
    }, 
    {
        "prob": [
            0.10526315789473684, 
            0.15789473684210525, 
            0.12280701754385964, 
            0.12280701754385964, 
            0.07017543859649122, 
            0.07017543859649122, 
            0.10526315789473684, 
            0.14035087719298245, 
            0.08771929824561403, 
            0.017543859649122806
        ], 
        "attr": "down", 
        "parent": 24226, 
        "feature": 0, 
        "id": 24227, 
        "output": null, 
        "dataset": null, 
        "children": [
            24228, 
            24234, 
            24240, 
            24241, 
            24247, 
            24248, 
            24249, 
            24250, 
            24251, 
            24256
        ]
    }, 
    {
        "prob": [
            0.16666666666666666, 
            0.3333333333333333, 
            0.16666666666666666, 
            0.16666666666666666, 
            0.16666666666666666
        ], 
        "attr": 0, 
        "parent": 24227, 
        "feature": 1, 
        "id": 24228, 
        "output": null, 
        "dataset": null, 
        "children": [
            24229, 
            24230, 
            24231, 
            24232, 
            24233
        ]
    }, 
    {
        "prob": [
            1.0
        ], 
        "attr": 0, 
        "parent": 24228, 
        "feature": null, 
        "id": 24229, 
        "output": [
            1
        ], 
        "dataset": [
            [
                0, 
                0, 
                "down", 
                1
            ]
        ], 
        "children": []
    }, 
    {
        "prob": [
            1.0
        ], 
        "attr": 1, 
        "parent": 24228, 
        "feature": null, 
        "id": 24230, 
        "output": [
            0
        ], 
        "dataset": [
            [
                0, 
                1, 
                "down", 
                0
            ], 
            [
                0, 
                1, 
                "down", 
                0
            ]
        ], 
        "children": []
    }, 
    {
        "prob": [
            1.0
        ], 
        "attr": 2, 
        "parent": 24228, 
        "feature": null, 
        "id": 24231, 
        "output": [
            0
        ], 
        "dataset": [
            [
                0, 
                2, 
                "down", 
                0
            ]
        ], 
        "children": []
    }, 
    {
        "prob": [
            1.0
        ], 
        "attr": 3, 
        "parent": 24228, 
        "feature": null, 
        "id": 24232, 
        "output": [
            0
        ], 
        "dataset": [
            [
                0, 
                3, 
                "down", 
                0
            ]
        ], 
        "children": []
    }, 
    {
        "prob": [
            1.0
        ], 
        "attr": 4, 
        "parent": 24228, 
        "feature": null, 
        "id": 24233, 
        "output": [
            0
        ], 
        "dataset": [
            [
                0, 
                4, 
                "down", 
                0
            ]
        ], 
        "children": []
    }, 
    {
        "prob": [
            0.2222222222222222, 
            0.2222222222222222, 
            0.2222222222222222, 
            0.2222222222222222, 
            0.1111111111111111
        ], 
        "attr": 1, 
        "parent": 24227, 
        "feature": 1, 
        "id": 24234, 
        "output": null, 
        "dataset": null, 
        "children": [
            24235, 
            24236, 
            24237, 
            24238, 
            24239
        ]
    }, 
    {
        "prob": [
            1.0
        ], 
        "attr": 0, 
        "parent": 24234, 
        "feature": null, 
        "id": 24235, 
        "output": [
            0
        ], 
        "dataset": [
            [
                1, 
                0, 
                "down", 
                0
            ], 
            [
                1, 
                0, 
                "down", 
                0
            ]
        ], 
        "children": []
    }, 
    {
        "prob": [
            1.0
        ], 
        "attr": 1, 
        "parent": 24234, 
        "feature": null, 
        "id": 24236, 
        "output": [
            0
        ], 
        "dataset": [
            [
                1, 
                1, 
                "down", 
                0
            ], 
            [
                1, 
                1, 
                "down", 
                0
            ]
        ], 
        "children": []
    }, 
    {
        "prob": [
            0.5, 
            0.5
        ], 
        "attr": 2, 
        "parent": 24234, 
        "feature": null, 
        "id": 24237, 
        "output": [
            0, 
            1
        ], 
        "dataset": [
            [
                1, 
                2, 
                "down", 
                1
            ], 
            [
                1, 
                2, 
                "down", 
                0
            ]
        ], 
        "children": []
    }, 
    {
        "prob": [
            1.0
        ], 
        "attr": 3, 
        "parent": 24234, 
        "feature": null, 
        "id": 24238, 
        "output": [
            0
        ], 
        "dataset": [
            [
                1, 
                3, 
                "down", 
                0
            ], 
            [
                1, 
                3, 
                "down", 
                0
            ]
        ], 
        "children": []
    }, 
    {
        "prob": [
            1.0
        ], 
        "attr": 4, 
        "parent": 24234, 
        "feature": null, 
        "id": 24239, 
        "output": [
            0
        ], 
        "dataset": [
            [
                1, 
                4, 
                "down", 
                0
            ]
        ], 
        "children": []
    }, 
    {
        "prob": [
            1.0
        ], 
        "attr": 2, 
        "parent": 24227, 
        "feature": null, 
        "id": 24240, 
        "output": [
            0
        ], 
        "dataset": [
            [
                2, 
                3, 
                "down", 
                0
            ], 
            [
                2, 
                4, 
                "down", 
                0
            ], 
            [
                2, 
                3, 
                "down", 
                0
            ], 
            [
                2, 
                2, 
                "down", 
                0
            ], 
            [
                2, 
                1, 
                "down", 
                0
            ], 
            [
                2, 
                2, 
                "down", 
                0
            ], 
            [
                2, 
                3, 
                "down", 
                0
            ]
        ], 
        "children": []
    }, 
    {
        "prob": [
            0.14285714285714285, 
            0.14285714285714285, 
            0.14285714285714285, 
            0.2857142857142857, 
            0.2857142857142857
        ], 
        "attr": 3, 
        "parent": 24227, 
        "feature": 1, 
        "id": 24241, 
        "output": null, 
        "dataset": null, 
        "children": [
            24242, 
            24243, 
            24244, 
            24245, 
            24246
        ]
    }, 
    {
        "prob": [
            1.0
        ], 
        "attr": 0, 
        "parent": 24241, 
        "feature": null, 
        "id": 24242, 
        "output": [
            0
        ], 
        "dataset": [
            [
                3, 
                0, 
                "down", 
                0
            ]
        ], 
        "children": []
    }, 
    {
        "prob": [
            1.0
        ], 
        "attr": 1, 
        "parent": 24241, 
        "feature": null, 
        "id": 24243, 
        "output": [
            -1
        ], 
        "dataset": [
            [
                3, 
                1, 
                "down", 
                -1
            ]
        ], 
        "children": []
    }, 
    {
        "prob": [
            1.0
        ], 
        "attr": 2, 
        "parent": 24241, 
        "feature": null, 
        "id": 24244, 
        "output": [
            0
        ], 
        "dataset": [
            [
                3, 
                2, 
                "down", 
                0
            ]
        ], 
        "children": []
    }, 
    {
        "prob": [
            0.5, 
            0.5
        ], 
        "attr": 3, 
        "parent": 24241, 
        "feature": null, 
        "id": 24245, 
        "output": [
            0, 
            1
        ], 
        "dataset": [
            [
                3, 
                3, 
                "down", 
                1
            ], 
            [
                3, 
                3, 
                "down", 
                0
            ]
        ], 
        "children": []
    }, 
    {
        "prob": [
            1.0
        ], 
        "attr": 4, 
        "parent": 24241, 
        "feature": null, 
        "id": 24246, 
        "output": [
            0
        ], 
        "dataset": [
            [
                3, 
                4, 
                "down", 
                0
            ], 
            [
                3, 
                4, 
                "down", 
                0
            ]
        ], 
        "children": []
    }, 
    {
        "prob": [
            1.0
        ], 
        "attr": 4, 
        "parent": 24227, 
        "feature": null, 
        "id": 24247, 
        "output": [
            0
        ], 
        "dataset": [
            [
                4, 
                4, 
                "down", 
                0
            ], 
            [
                4, 
                0, 
                "down", 
                0
            ], 
            [
                4, 
                1, 
                "down", 
                0
            ], 
            [
                4, 
                2, 
                "down", 
                0
            ]
        ], 
        "children": []
    }, 
    {
        "prob": [
            1.0
        ], 
        "attr": 5, 
        "parent": 24227, 
        "feature": null, 
        "id": 24248, 
        "output": [
            0
        ], 
        "dataset": [
            [
                5, 
                1, 
                "down", 
                0
            ], 
            [
                5, 
                2, 
                "down", 
                0
            ], 
            [
                5, 
                0, 
                "down", 
                0
            ], 
            [
                5, 
                4, 
                "down", 
                0
            ]
        ], 
        "children": []
    }, 
    {
        "prob": [
            1.0
        ], 
        "attr": 6, 
        "parent": 24227, 
        "feature": null, 
        "id": 24249, 
        "output": [
            0
        ], 
        "dataset": [
            [
                6, 
                0, 
                "down", 
                0
            ], 
            [
                6, 
                1, 
                "down", 
                0
            ], 
            [
                6, 
                2, 
                "down", 
                0
            ], 
            [
                6, 
                3, 
                "down", 
                0
            ], 
            [
                6, 
                2, 
                "down", 
                0
            ], 
            [
                6, 
                4, 
                "down", 
                0
            ]
        ], 
        "children": []
    }, 
    {
        "prob": [
            1.0
        ], 
        "attr": 7, 
        "parent": 24227, 
        "feature": null, 
        "id": 24250, 
        "output": [
            0
        ], 
        "dataset": [
            [
                7, 
                0, 
                "down", 
                0
            ], 
            [
                7, 
                1, 
                "down", 
                0
            ], 
            [
                7, 
                2, 
                "down", 
                0
            ], 
            [
                7, 
                3, 
                "down", 
                0
            ], 
            [
                7, 
                4, 
                "down", 
                0
            ], 
            [
                7, 
                3, 
                "down", 
                0
            ], 
            [
                7, 
                4, 
                "down", 
                0
            ], 
            [
                7, 
                4, 
                "down", 
                0
            ]
        ], 
        "children": []
    }, 
    {
        "prob": [
            0.4, 
            0.2, 
            0.2, 
            0.2
        ], 
        "attr": 8, 
        "parent": 24227, 
        "feature": 1, 
        "id": 24251, 
        "output": null, 
        "dataset": null, 
        "children": [
            24252, 
            24253, 
            24254, 
            24255
        ]
    }, 
    {
        "prob": [
            0.5, 
            0.5
        ], 
        "attr": 0, 
        "parent": 24251, 
        "feature": null, 
        "id": 24252, 
        "output": [
            0, 
            -1
        ], 
        "dataset": [
            [
                8, 
                0, 
                "down", 
                -1
            ], 
            [
                8, 
                0, 
                "down", 
                0
            ]
        ], 
        "children": []
    }, 
    {
        "prob": [
            1.0
        ], 
        "attr": 1, 
        "parent": 24251, 
        "feature": null, 
        "id": 24253, 
        "output": [
            0
        ], 
        "dataset": [
            [
                8, 
                1, 
                "down", 
                0
            ]
        ], 
        "children": []
    }, 
    {
        "prob": [
            1.0
        ], 
        "attr": 3, 
        "parent": 24251, 
        "feature": null, 
        "id": 24254, 
        "output": [
            0
        ], 
        "dataset": [
            [
                8, 
                3, 
                "down", 
                0
            ]
        ], 
        "children": []
    }, 
    {
        "prob": [
            1.0
        ], 
        "attr": 4, 
        "parent": 24251, 
        "feature": null, 
        "id": 24255, 
        "output": [
            0
        ], 
        "dataset": [
            [
                8, 
                4, 
                "down", 
                0
            ]
        ], 
        "children": []
    }, 
    {
        "prob": [
            1.0
        ], 
        "attr": 9, 
        "parent": 24227, 
        "feature": null, 
        "id": 24256, 
        "output": [
            0
        ], 
        "dataset": [
            [
                9, 
                0, 
                "down", 
                0
            ]
        ], 
        "children": []
    }, 
    {
        "prob": [
            0.1506849315068493, 
            0.1095890410958904, 
            0.1232876712328767, 
            0.0958904109589041, 
            0.1095890410958904, 
            0.1095890410958904, 
            0.0958904109589041, 
            0.1232876712328767, 
            0.0684931506849315, 
            0.0136986301369863
        ], 
        "attr": "right", 
        "parent": 24226, 
        "feature": 0, 
        "id": 24257, 
        "output": null, 
        "dataset": null, 
        "children": [
            24258, 
            24259, 
            24260, 
            24261, 
            24262, 
            24263, 
            24264, 
            24265, 
            24266, 
            24267
        ]
    }, 
    {
        "prob": [
            1.0
        ], 
        "attr": 0, 
        "parent": 24257, 
        "feature": null, 
        "id": 24258, 
        "output": [
            1
        ], 
        "dataset": [
            [
                0, 
                4, 
                "right", 
                1
            ], 
            [
                0, 
                0, 
                "right", 
                1
            ], 
            [
                0, 
                0, 
                "right", 
                1
            ], 
            [
                0, 
                2, 
                "right", 
                1
            ], 
            [
                0, 
                2, 
                "right", 
                1
            ], 
            [
                0, 
                1, 
                "right", 
                1
            ], 
            [
                0, 
                3, 
                "right", 
                1
            ], 
            [
                0, 
                2, 
                "right", 
                1
            ], 
            [
                0, 
                0, 
                "right", 
                1
            ], 
            [
                0, 
                3, 
                "right", 
                1
            ], 
            [
                0, 
                3, 
                "right", 
                1
            ]
        ], 
        "children": []
    }, 
    {
        "prob": [
            1.0
        ], 
        "attr": 1, 
        "parent": 24257, 
        "feature": null, 
        "id": 24259, 
        "output": [
            1
        ], 
        "dataset": [
            [
                1, 
                4, 
                "right", 
                1
            ], 
            [
                1, 
                4, 
                "right", 
                1
            ], 
            [
                1, 
                2, 
                "right", 
                1
            ], 
            [
                1, 
                4, 
                "right", 
                1
            ], 
            [
                1, 
                2, 
                "right", 
                1
            ], 
            [
                1, 
                1, 
                "right", 
                1
            ], 
            [
                1, 
                1, 
                "right", 
                1
            ], 
            [
                1, 
                3, 
                "right", 
                1
            ]
        ], 
        "children": []
    }, 
    {
        "prob": [
            1.0
        ], 
        "attr": 2, 
        "parent": 24257, 
        "feature": null, 
        "id": 24260, 
        "output": [
            1
        ], 
        "dataset": [
            [
                2, 
                4, 
                "right", 
                1
            ], 
            [
                2, 
                3, 
                "right", 
                1
            ], 
            [
                2, 
                2, 
                "right", 
                1
            ], 
            [
                2, 
                4, 
                "right", 
                1
            ], 
            [
                2, 
                4, 
                "right", 
                1
            ], 
            [
                2, 
                1, 
                "right", 
                1
            ], 
            [
                2, 
                1, 
                "right", 
                1
            ], 
            [
                2, 
                4, 
                "right", 
                1
            ], 
            [
                2, 
                4, 
                "right", 
                1
            ]
        ], 
        "children": []
    }, 
    {
        "prob": [
            1.0
        ], 
        "attr": 3, 
        "parent": 24257, 
        "feature": null, 
        "id": 24261, 
        "output": [
            1
        ], 
        "dataset": [
            [
                3, 
                4, 
                "right", 
                1
            ], 
            [
                3, 
                1, 
                "right", 
                1
            ], 
            [
                3, 
                0, 
                "right", 
                1
            ], 
            [
                3, 
                1, 
                "right", 
                1
            ], 
            [
                3, 
                2, 
                "right", 
                1
            ], 
            [
                3, 
                1, 
                "right", 
                1
            ], 
            [
                3, 
                3, 
                "right", 
                1
            ]
        ], 
        "children": []
    }, 
    {
        "prob": [
            1.0
        ], 
        "attr": 4, 
        "parent": 24257, 
        "feature": null, 
        "id": 24262, 
        "output": [
            1
        ], 
        "dataset": [
            [
                4, 
                4, 
                "right", 
                1
            ], 
            [
                4, 
                1, 
                "right", 
                1
            ], 
            [
                4, 
                1, 
                "right", 
                1
            ], 
            [
                4, 
                1, 
                "right", 
                1
            ], 
            [
                4, 
                2, 
                "right", 
                1
            ], 
            [
                4, 
                0, 
                "right", 
                1
            ], 
            [
                4, 
                0, 
                "right", 
                1
            ], 
            [
                4, 
                4, 
                "right", 
                1
            ]
        ], 
        "children": []
    }, 
    {
        "prob": [
            1.0
        ], 
        "attr": 5, 
        "parent": 24257, 
        "feature": null, 
        "id": 24263, 
        "output": [
            1
        ], 
        "dataset": [
            [
                5, 
                1, 
                "right", 
                1
            ], 
            [
                5, 
                1, 
                "right", 
                1
            ], 
            [
                5, 
                1, 
                "right", 
                1
            ], 
            [
                5, 
                0, 
                "right", 
                1
            ], 
            [
                5, 
                2, 
                "right", 
                1
            ], 
            [
                5, 
                3, 
                "right", 
                1
            ], 
            [
                5, 
                4, 
                "right", 
                1
            ], 
            [
                5, 
                4, 
                "right", 
                1
            ]
        ], 
        "children": []
    }, 
    {
        "prob": [
            1.0
        ], 
        "attr": 6, 
        "parent": 24257, 
        "feature": null, 
        "id": 24264, 
        "output": [
            1
        ], 
        "dataset": [
            [
                6, 
                1, 
                "right", 
                1
            ], 
            [
                6, 
                0, 
                "right", 
                1
            ], 
            [
                6, 
                2, 
                "right", 
                1
            ], 
            [
                6, 
                2, 
                "right", 
                1
            ], 
            [
                6, 
                0, 
                "right", 
                1
            ], 
            [
                6, 
                3, 
                "right", 
                1
            ], 
            [
                6, 
                4, 
                "right", 
                1
            ]
        ], 
        "children": []
    }, 
    {
        "prob": [
            1.0
        ], 
        "attr": 7, 
        "parent": 24257, 
        "feature": null, 
        "id": 24265, 
        "output": [
            1
        ], 
        "dataset": [
            [
                7, 
                0, 
                "right", 
                1
            ], 
            [
                7, 
                1, 
                "right", 
                1
            ], 
            [
                7, 
                0, 
                "right", 
                1
            ], 
            [
                7, 
                1, 
                "right", 
                1
            ], 
            [
                7, 
                0, 
                "right", 
                1
            ], 
            [
                7, 
                2, 
                "right", 
                1
            ], 
            [
                7, 
                4, 
                "right", 
                1
            ], 
            [
                7, 
                4, 
                "right", 
                1
            ], 
            [
                7, 
                4, 
                "right", 
                1
            ]
        ], 
        "children": []
    }, 
    {
        "prob": [
            1.0
        ], 
        "attr": 8, 
        "parent": 24257, 
        "feature": null, 
        "id": 24266, 
        "output": [
            1
        ], 
        "dataset": [
            [
                8, 
                1, 
                "right", 
                1
            ], 
            [
                8, 
                0, 
                "right", 
                1
            ], 
            [
                8, 
                1, 
                "right", 
                1
            ], 
            [
                8, 
                1, 
                "right", 
                1
            ], 
            [
                8, 
                4, 
                "right", 
                1
            ]
        ], 
        "children": []
    }, 
    {
        "prob": [
            1.0
        ], 
        "attr": 9, 
        "parent": 24257, 
        "feature": null, 
        "id": 24267, 
        "output": [
            0
        ], 
        "dataset": [
            [
                9, 
                0, 
                "right", 
                0
            ]
        ], 
        "children": []
    }, 
    {
        "prob": [
            0.17307692307692307, 
            0.23076923076923078, 
            0.19230769230769232, 
            0.15384615384615385, 
            0.25
        ], 
        "attr": "up", 
        "parent": 24226, 
        "feature": 1, 
        "id": 24268, 
        "output": null, 
        "dataset": null, 
        "children": [
            24269, 
            24270, 
            24280, 
            24290, 
            24291
        ]
    }, 
    {
        "prob": [
            1.0
        ], 
        "attr": 0, 
        "parent": 24268, 
        "feature": null, 
        "id": 24269, 
        "output": [
            0
        ], 
        "dataset": [
            [
                0, 
                0, 
                "up", 
                0
            ], 
            [
                1, 
                0, 
                "up", 
                0
            ], 
            [
                3, 
                0, 
                "up", 
                0
            ], 
            [
                5, 
                0, 
                "up", 
                0
            ], 
            [
                4, 
                0, 
                "up", 
                0
            ], 
            [
                6, 
                0, 
                "up", 
                0
            ], 
            [
                8, 
                0, 
                "up", 
                0
            ], 
            [
                7, 
                0, 
                "up", 
                0
            ], 
            [
                7, 
                0, 
                "up", 
                0
            ]
        ], 
        "children": []
    }, 
    {
        "prob": [
            0.08333333333333333, 
            0.08333333333333333, 
            0.08333333333333333, 
            0.08333333333333333, 
            0.08333333333333333, 
            0.16666666666666666, 
            0.08333333333333333, 
            0.16666666666666666, 
            0.16666666666666666
        ], 
        "attr": 1, 
        "parent": 24268, 
        "feature": 0, 
        "id": 24270, 
        "output": null, 
        "dataset": null, 
        "children": [
            24271, 
            24272, 
            24273, 
            24274, 
            24275, 
            24276, 
            24277, 
            24278, 
            24279
        ]
    }, 
    {
        "prob": [
            1.0
        ], 
        "attr": 0, 
        "parent": 24270, 
        "feature": null, 
        "id": 24271, 
        "output": [
            0
        ], 
        "dataset": [
            [
                0, 
                1, 
                "up", 
                0
            ]
        ], 
        "children": []
    }, 
    {
        "prob": [
            1.0
        ], 
        "attr": 1, 
        "parent": 24270, 
        "feature": null, 
        "id": 24272, 
        "output": [
            0
        ], 
        "dataset": [
            [
                1, 
                1, 
                "up", 
                0
            ]
        ], 
        "children": []
    }, 
    {
        "prob": [
            1.0
        ], 
        "attr": 2, 
        "parent": 24270, 
        "feature": null, 
        "id": 24273, 
        "output": [
            0
        ], 
        "dataset": [
            [
                2, 
                1, 
                "up", 
                0
            ]
        ], 
        "children": []
    }, 
    {
        "prob": [
            1.0
        ], 
        "attr": 3, 
        "parent": 24270, 
        "feature": null, 
        "id": 24274, 
        "output": [
            0
        ], 
        "dataset": [
            [
                3, 
                1, 
                "up", 
                0
            ]
        ], 
        "children": []
    }, 
    {
        "prob": [
            1.0
        ], 
        "attr": 4, 
        "parent": 24270, 
        "feature": null, 
        "id": 24275, 
        "output": [
            0
        ], 
        "dataset": [
            [
                4, 
                1, 
                "up", 
                0
            ]
        ], 
        "children": []
    }, 
    {
        "prob": [
            0.5, 
            0.5
        ], 
        "attr": 5, 
        "parent": 24270, 
        "feature": null, 
        "id": 24276, 
        "output": [
            0, 
            1
        ], 
        "dataset": [
            [
                5, 
                1, 
                "up", 
                1
            ], 
            [
                5, 
                1, 
                "up", 
                0
            ]
        ], 
        "children": []
    }, 
    {
        "prob": [
            1.0
        ], 
        "attr": 6, 
        "parent": 24270, 
        "feature": null, 
        "id": 24277, 
        "output": [
            0
        ], 
        "dataset": [
            [
                6, 
                1, 
                "up", 
                0
            ]
        ], 
        "children": []
    }, 
    {
        "prob": [
            1.0
        ], 
        "attr": 7, 
        "parent": 24270, 
        "feature": null, 
        "id": 24278, 
        "output": [
            0
        ], 
        "dataset": [
            [
                7, 
                1, 
                "up", 
                0
            ], 
            [
                7, 
                1, 
                "up", 
                0
            ]
        ], 
        "children": []
    }, 
    {
        "prob": [
            1.0
        ], 
        "attr": 8, 
        "parent": 24270, 
        "feature": null, 
        "id": 24279, 
        "output": [
            0
        ], 
        "dataset": [
            [
                8, 
                1, 
                "up", 
                0
            ], 
            [
                8, 
                1, 
                "up", 
                0
            ]
        ], 
        "children": []
    }, 
    {
        "prob": [
            0.1, 
            0.2, 
            0.1, 
            0.1, 
            0.1, 
            0.1, 
            0.1, 
            0.1, 
            0.1
        ], 
        "attr": 2, 
        "parent": 24268, 
        "feature": 0, 
        "id": 24280, 
        "output": null, 
        "dataset": null, 
        "children": [
            24281, 
            24282, 
            24283, 
            24284, 
            24285, 
            24286, 
            24287, 
            24288, 
            24289
        ]
    }, 
    {
        "prob": [
            1.0
        ], 
        "attr": 0, 
        "parent": 24280, 
        "feature": null, 
        "id": 24281, 
        "output": [
            0
        ], 
        "dataset": [
            [
                0, 
                2, 
                "up", 
                0
            ]
        ], 
        "children": []
    }, 
    {
        "prob": [
            1.0
        ], 
        "attr": 1, 
        "parent": 24280, 
        "feature": null, 
        "id": 24282, 
        "output": [
            0
        ], 
        "dataset": [
            [
                1, 
                2, 
                "up", 
                0
            ], 
            [
                1, 
                2, 
                "up", 
                0
            ]
        ], 
        "children": []
    }, 
    {
        "prob": [
            1.0
        ], 
        "attr": 2, 
        "parent": 24280, 
        "feature": null, 
        "id": 24283, 
        "output": [
            0
        ], 
        "dataset": [
            [
                2, 
                2, 
                "up", 
                0
            ]
        ], 
        "children": []
    }, 
    {
        "prob": [
            1.0
        ], 
        "attr": 3, 
        "parent": 24280, 
        "feature": null, 
        "id": 24284, 
        "output": [
            0
        ], 
        "dataset": [
            [
                3, 
                2, 
                "up", 
                0
            ]
        ], 
        "children": []
    }, 
    {
        "prob": [
            1.0
        ], 
        "attr": 4, 
        "parent": 24280, 
        "feature": null, 
        "id": 24285, 
        "output": [
            0
        ], 
        "dataset": [
            [
                4, 
                2, 
                "up", 
                0
            ]
        ], 
        "children": []
    }, 
    {
        "prob": [
            1.0
        ], 
        "attr": 5, 
        "parent": 24280, 
        "feature": null, 
        "id": 24286, 
        "output": [
            0
        ], 
        "dataset": [
            [
                5, 
                2, 
                "up", 
                0
            ]
        ], 
        "children": []
    }, 
    {
        "prob": [
            1.0
        ], 
        "attr": 6, 
        "parent": 24280, 
        "feature": null, 
        "id": 24287, 
        "output": [
            0
        ], 
        "dataset": [
            [
                6, 
                2, 
                "up", 
                0
            ]
        ], 
        "children": []
    }, 
    {
        "prob": [
            1.0
        ], 
        "attr": 7, 
        "parent": 24280, 
        "feature": null, 
        "id": 24288, 
        "output": [
            0
        ], 
        "dataset": [
            [
                7, 
                2, 
                "up", 
                0
            ]
        ], 
        "children": []
    }, 
    {
        "prob": [
            1.0
        ], 
        "attr": 8, 
        "parent": 24280, 
        "feature": null, 
        "id": 24289, 
        "output": [
            -1
        ], 
        "dataset": [
            [
                8, 
                2, 
                "up", 
                -1
            ]
        ], 
        "children": []
    }, 
    {
        "prob": [
            1.0
        ], 
        "attr": 3, 
        "parent": 24268, 
        "feature": null, 
        "id": 24290, 
        "output": [
            0
        ], 
        "dataset": [
            [
                0, 
                3, 
                "up", 
                0
            ], 
            [
                2, 
                3, 
                "up", 
                0
            ], 
            [
                1, 
                3, 
                "up", 
                0
            ], 
            [
                3, 
                3, 
                "up", 
                0
            ], 
            [
                1, 
                3, 
                "up", 
                0
            ], 
            [
                3, 
                3, 
                "up", 
                0
            ], 
            [
                4, 
                3, 
                "up", 
                0
            ], 
            [
                6, 
                3, 
                "up", 
                0
            ]
        ], 
        "children": []
    }, 
    {
        "prob": [
            0.15384615384615385, 
            0.07692307692307693, 
            0.07692307692307693, 
            0.3076923076923077, 
            0.07692307692307693, 
            0.07692307692307693, 
            0.07692307692307693, 
            0.07692307692307693, 
            0.07692307692307693
        ], 
        "attr": 4, 
        "parent": 24268, 
        "feature": 0, 
        "id": 24291, 
        "output": null, 
        "dataset": null, 
        "children": [
            24292, 
            24293, 
            24294, 
            24295, 
            24296, 
            24297, 
            24298, 
            24299, 
            24300
        ]
    }, 
    {
        "prob": [
            0.5, 
            0.5
        ], 
        "attr": 0, 
        "parent": 24291, 
        "feature": null, 
        "id": 24292, 
        "output": [
            0, 
            1
        ], 
        "dataset": [
            [
                0, 
                4, 
                "up", 
                1
            ], 
            [
                0, 
                4, 
                "up", 
                0
            ]
        ], 
        "children": []
    }, 
    {
        "prob": [
            1.0
        ], 
        "attr": 1, 
        "parent": 24291, 
        "feature": null, 
        "id": 24293, 
        "output": [
            1
        ], 
        "dataset": [
            [
                1, 
                4, 
                "up", 
                1
            ]
        ], 
        "children": []
    }, 
    {
        "prob": [
            1.0
        ], 
        "attr": 2, 
        "parent": 24291, 
        "feature": null, 
        "id": 24294, 
        "output": [
            0
        ], 
        "dataset": [
            [
                2, 
                4, 
                "up", 
                0
            ]
        ], 
        "children": []
    }, 
    {
        "prob": [
            0.75, 
            0.25
        ], 
        "attr": 3, 
        "parent": 24291, 
        "feature": null, 
        "id": 24295, 
        "output": [
            0, 
            1
        ], 
        "dataset": [
            [
                3, 
                4, 
                "up", 
                0
            ], 
            [
                3, 
                4, 
                "up", 
                0
            ], 
            [
                3, 
                4, 
                "up", 
                0
            ], 
            [
                3, 
                4, 
                "up", 
                1
            ]
        ], 
        "children": []
    }, 
    {
        "prob": [
            1.0
        ], 
        "attr": 4, 
        "parent": 24291, 
        "feature": null, 
        "id": 24296, 
        "output": [
            -1
        ], 
        "dataset": [
            [
                4, 
                4, 
                "up", 
                -1
            ]
        ], 
        "children": []
    }, 
    {
        "prob": [
            1.0
        ], 
        "attr": 5, 
        "parent": 24291, 
        "feature": null, 
        "id": 24297, 
        "output": [
            0
        ], 
        "dataset": [
            [
                5, 
                4, 
                "up", 
                0
            ]
        ], 
        "children": []
    }, 
    {
        "prob": [
            1.0
        ], 
        "attr": 6, 
        "parent": 24291, 
        "feature": null, 
        "id": 24298, 
        "output": [
            0
        ], 
        "dataset": [
            [
                6, 
                4, 
                "up", 
                0
            ]
        ], 
        "children": []
    }, 
    {
        "prob": [
            1.0
        ], 
        "attr": 7, 
        "parent": 24291, 
        "feature": null, 
        "id": 24299, 
        "output": [
            0
        ], 
        "dataset": [
            [
                7, 
                4, 
                "up", 
                0
            ]
        ], 
        "children": []
    }, 
    {
        "prob": [
            1.0
        ], 
        "attr": 8, 
        "parent": 24291, 
        "feature": null, 
        "id": 24300, 
        "output": [
            0
        ], 
        "dataset": [
            [
                8, 
                4, 
                "up", 
                0
            ]
        ], 
        "children": []
    }, 
    {
        "prob": [
            0.0958904109589041, 
            0.1643835616438356, 
            0.1232876712328767, 
            0.0958904109589041, 
            0.0958904109589041, 
            0.0958904109589041, 
            0.1095890410958904, 
            0.0821917808219178, 
            0.0821917808219178, 
            0.0547945205479452
        ], 
        "attr": "left", 
        "parent": 24226, 
        "feature": 0, 
        "id": 24301, 
        "output": null, 
        "dataset": null, 
        "children": [
            24302, 
            24303, 
            24304, 
            24305, 
            24306, 
            24307, 
            24308, 
            24309, 
            24310, 
            24311
        ]
    }, 
    {
        "prob": [
            1.0
        ], 
        "attr": 0, 
        "parent": 24301, 
        "feature": null, 
        "id": 24302, 
        "output": [
            0
        ], 
        "dataset": [
            [
                0, 
                1, 
                "left", 
                0
            ], 
            [
                0, 
                2, 
                "left", 
                0
            ], 
            [
                0, 
                3, 
                "left", 
                0
            ], 
            [
                0, 
                2, 
                "left", 
                0
            ], 
            [
                0, 
                1, 
                "left", 
                0
            ], 
            [
                0, 
                0, 
                "left", 
                0
            ], 
            [
                0, 
                4, 
                "left", 
                0
            ]
        ], 
        "children": []
    }, 
    {
        "prob": [
            1.0
        ], 
        "attr": 1, 
        "parent": 24301, 
        "feature": null, 
        "id": 24303, 
        "output": [
            -1
        ], 
        "dataset": [
            [
                1, 
                1, 
                "left", 
                -1
            ], 
            [
                1, 
                4, 
                "left", 
                -1
            ], 
            [
                1, 
                3, 
                "left", 
                -1
            ], 
            [
                1, 
                0, 
                "left", 
                -1
            ], 
            [
                1, 
                1, 
                "left", 
                -1
            ], 
            [
                1, 
                2, 
                "left", 
                -1
            ], 
            [
                1, 
                1, 
                "left", 
                -1
            ], 
            [
                1, 
                3, 
                "left", 
                -1
            ], 
            [
                1, 
                2, 
                "left", 
                -1
            ], 
            [
                1, 
                0, 
                "left", 
                -1
            ], 
            [
                1, 
                3, 
                "left", 
                -1
            ], 
            [
                1, 
                4, 
                "left", 
                -1
            ]
        ], 
        "children": []
    }, 
    {
        "prob": [
            1.0
        ], 
        "attr": 2, 
        "parent": 24301, 
        "feature": null, 
        "id": 24304, 
        "output": [
            -1
        ], 
        "dataset": [
            [
                2, 
                1, 
                "left", 
                -1
            ], 
            [
                2, 
                4, 
                "left", 
                -1
            ], 
            [
                2, 
                4, 
                "left", 
                -1
            ], 
            [
                2, 
                3, 
                "left", 
                -1
            ], 
            [
                2, 
                2, 
                "left", 
                -1
            ], 
            [
                2, 
                3, 
                "left", 
                -1
            ], 
            [
                2, 
                2, 
                "left", 
                -1
            ], 
            [
                2, 
                0, 
                "left", 
                -1
            ], 
            [
                2, 
                3, 
                "left", 
                -1
            ]
        ], 
        "children": []
    }, 
    {
        "prob": [
            1.0
        ], 
        "attr": 3, 
        "parent": 24301, 
        "feature": null, 
        "id": 24305, 
        "output": [
            -1
        ], 
        "dataset": [
            [
                3, 
                4, 
                "left", 
                -1
            ], 
            [
                3, 
                3, 
                "left", 
                -1
            ], 
            [
                3, 
                2, 
                "left", 
                -1
            ], 
            [
                3, 
                4, 
                "left", 
                -1
            ], 
            [
                3, 
                3, 
                "left", 
                -1
            ], 
            [
                3, 
                1, 
                "left", 
                -1
            ], 
            [
                3, 
                4, 
                "left", 
                -1
            ]
        ], 
        "children": []
    }, 
    {
        "prob": [
            1.0
        ], 
        "attr": 4, 
        "parent": 24301, 
        "feature": null, 
        "id": 24306, 
        "output": [
            -1
        ], 
        "dataset": [
            [
                4, 
                4, 
                "left", 
                -1
            ], 
            [
                4, 
                0, 
                "left", 
                -1
            ], 
            [
                4, 
                1, 
                "left", 
                -1
            ], 
            [
                4, 
                2, 
                "left", 
                -1
            ], 
            [
                4, 
                0, 
                "left", 
                -1
            ], 
            [
                4, 
                3, 
                "left", 
                -1
            ], 
            [
                4, 
                3, 
                "left", 
                -1
            ]
        ], 
        "children": []
    }, 
    {
        "prob": [
            1.0
        ], 
        "attr": 5, 
        "parent": 24301, 
        "feature": null, 
        "id": 24307, 
        "output": [
            -1
        ], 
        "dataset": [
            [
                5, 
                4, 
                "left", 
                -1
            ], 
            [
                5, 
                1, 
                "left", 
                -1
            ], 
            [
                5, 
                2, 
                "left", 
                -1
            ], 
            [
                5, 
                3, 
                "left", 
                -1
            ], 
            [
                5, 
                0, 
                "left", 
                -1
            ], 
            [
                5, 
                0, 
                "left", 
                -1
            ], 
            [
                5, 
                4, 
                "left", 
                -1
            ]
        ], 
        "children": []
    }, 
    {
        "prob": [
            1.0
        ], 
        "attr": 6, 
        "parent": 24301, 
        "feature": null, 
        "id": 24308, 
        "output": [
            -1
        ], 
        "dataset": [
            [
                6, 
                0, 
                "left", 
                -1
            ], 
            [
                6, 
                1, 
                "left", 
                -1
            ], 
            [
                6, 
                2, 
                "left", 
                -1
            ], 
            [
                6, 
                0, 
                "left", 
                -1
            ], 
            [
                6, 
                2, 
                "left", 
                -1
            ], 
            [
                6, 
                4, 
                "left", 
                -1
            ], 
            [
                6, 
                4, 
                "left", 
                -1
            ], 
            [
                6, 
                3, 
                "left", 
                -1
            ]
        ], 
        "children": []
    }, 
    {
        "prob": [
            1.0
        ], 
        "attr": 7, 
        "parent": 24301, 
        "feature": null, 
        "id": 24309, 
        "output": [
            -1
        ], 
        "dataset": [
            [
                7, 
                1, 
                "left", 
                -1
            ], 
            [
                7, 
                2, 
                "left", 
                -1
            ], 
            [
                7, 
                3, 
                "left", 
                -1
            ], 
            [
                7, 
                0, 
                "left", 
                -1
            ], 
            [
                7, 
                2, 
                "left", 
                -1
            ], 
            [
                7, 
                4, 
                "left", 
                -1
            ]
        ], 
        "children": []
    }, 
    {
        "prob": [
            1.0
        ], 
        "attr": 8, 
        "parent": 24301, 
        "feature": null, 
        "id": 24310, 
        "output": [
            -1
        ], 
        "dataset": [
            [
                8, 
                0, 
                "left", 
                -1
            ], 
            [
                8, 
                1, 
                "left", 
                -1
            ], 
            [
                8, 
                3, 
                "left", 
                -1
            ], 
            [
                8, 
                2, 
                "left", 
                -1
            ], 
            [
                8, 
                4, 
                "left", 
                -1
            ], 
            [
                8, 
                4, 
                "left", 
                -1
            ]
        ], 
        "children": []
    }, 
    {
        "prob": [
            1.0
        ], 
        "attr": 9, 
        "parent": 24301, 
        "feature": null, 
        "id": 24311, 
        "output": [
            -1
        ], 
        "dataset": [
            [
                9, 
                0, 
                "left", 
                -1
            ], 
            [
                9, 
                1, 
                "left", 
                -1
            ], 
            [
                9, 
                1, 
                "left", 
                -1
            ], 
            [
                9, 
                2, 
                "left", 
                -1
            ]
        ], 
        "children": []
    }
]
