[
    {
        "prob": [
            1.0
        ], 
        "attr": null, 
        "parent": null, 
        "feature": 1, 
        "id": 25399, 
        "output": null, 
        "dataset": null, 
        "children": [
            25400
        ]
    }, 
    {
        "prob": [
            1.0
        ], 
        "attr": 4, 
        "parent": 25399, 
        "feature": 2, 
        "id": 25400, 
        "output": null, 
        "dataset": null, 
        "children": [
            25401
        ]
    }, 
    {
        "prob": [
            0.444015444015444, 
            0.3803088803088803, 
            0.17567567567567569
        ], 
        "attr": 2, 
        "parent": 25400, 
        "feature": 3, 
        "id": 25401, 
        "output": null, 
        "dataset": null, 
        "children": [
            25402, 
            25414, 
            25426
        ]
    }, 
    {
        "prob": [
            0.034782608695652174, 
            0.034782608695652174, 
            0.034782608695652174, 
            0.034782608695652174, 
            0.034782608695652174, 
            0.22608695652173913, 
            0.1956521739130435, 
            0.1608695652173913, 
            0.12608695652173912, 
            0.08695652173913043, 
            0.030434782608695653
        ], 
        "attr": "r", 
        "parent": 25401, 
        "feature": 0, 
        "id": 25402, 
        "output": null, 
        "dataset": null, 
        "children": [
            25403, 
            25404, 
            25405, 
            25406, 
            25407, 
            25408, 
            25409, 
            25410, 
            25411, 
            25412, 
            25413
        ]
    }, 
    {
        "prob": [
            1.0
        ], 
        "attr": 0, 
        "parent": 25402, 
        "feature": null, 
        "id": 25403, 
        "output": [
            1
        ], 
        "dataset": [
            [
                0, 
                4, 
                2, 
                "r", 
                1
            ], 
            [
                0, 
                4, 
                2, 
                "r", 
                1
            ], 
            [
                0, 
                4, 
                2, 
                "r", 
                1
            ], 
            [
                0, 
                4, 
                2, 
                "r", 
                1
            ], 
            [
                0, 
                4, 
                2, 
                "r", 
                1
            ], 
            [
                0, 
                4, 
                2, 
                "r", 
                1
            ], 
            [
                0, 
                4, 
                2, 
                "r", 
                1
            ], 
            [
                0, 
                4, 
                2, 
                "r", 
                1
            ]
        ], 
        "children": []
    }, 
    {
        "prob": [
            1.0
        ], 
        "attr": 1, 
        "parent": 25402, 
        "feature": null, 
        "id": 25404, 
        "output": [
            1
        ], 
        "dataset": [
            [
                1, 
                4, 
                2, 
                "r", 
                1
            ], 
            [
                1, 
                4, 
                2, 
                "r", 
                1
            ], 
            [
                1, 
                4, 
                2, 
                "r", 
                1
            ], 
            [
                1, 
                4, 
                2, 
                "r", 
                1
            ], 
            [
                1, 
                4, 
                2, 
                "r", 
                1
            ], 
            [
                1, 
                4, 
                2, 
                "r", 
                1
            ], 
            [
                1, 
                4, 
                2, 
                "r", 
                1
            ], 
            [
                1, 
                4, 
                2, 
                "r", 
                1
            ]
        ], 
        "children": []
    }, 
    {
        "prob": [
            1.0
        ], 
        "attr": 2, 
        "parent": 25402, 
        "feature": null, 
        "id": 25405, 
        "output": [
            1
        ], 
        "dataset": [
            [
                2, 
                4, 
                2, 
                "r", 
                1
            ], 
            [
                2, 
                4, 
                2, 
                "r", 
                1
            ], 
            [
                2, 
                4, 
                2, 
                "r", 
                1
            ], 
            [
                2, 
                4, 
                2, 
                "r", 
                1
            ], 
            [
                2, 
                4, 
                2, 
                "r", 
                1
            ], 
            [
                2, 
                4, 
                2, 
                "r", 
                1
            ], 
            [
                2, 
                4, 
                2, 
                "r", 
                1
            ], 
            [
                2, 
                4, 
                2, 
                "r", 
                1
            ]
        ], 
        "children": []
    }, 
    {
        "prob": [
            1.0
        ], 
        "attr": 3, 
        "parent": 25402, 
        "feature": null, 
        "id": 25406, 
        "output": [
            1
        ], 
        "dataset": [
            [
                3, 
                4, 
                2, 
                "r", 
                1
            ], 
            [
                3, 
                4, 
                2, 
                "r", 
                1
            ], 
            [
                3, 
                4, 
                2, 
                "r", 
                1
            ], 
            [
                3, 
                4, 
                2, 
                "r", 
                1
            ], 
            [
                3, 
                4, 
                2, 
                "r", 
                1
            ], 
            [
                3, 
                4, 
                2, 
                "r", 
                1
            ], 
            [
                3, 
                4, 
                2, 
                "r", 
                1
            ], 
            [
                3, 
                4, 
                2, 
                "r", 
                1
            ]
        ], 
        "children": []
    }, 
    {
        "prob": [
            1.0
        ], 
        "attr": 4, 
        "parent": 25402, 
        "feature": null, 
        "id": 25407, 
        "output": [
            1
        ], 
        "dataset": [
            [
                4, 
                4, 
                2, 
                "r", 
                1
            ], 
            [
                4, 
                4, 
                2, 
                "r", 
                1
            ], 
            [
                4, 
                4, 
                2, 
                "r", 
                1
            ], 
            [
                4, 
                4, 
                2, 
                "r", 
                1
            ], 
            [
                4, 
                4, 
                2, 
                "r", 
                1
            ], 
            [
                4, 
                4, 
                2, 
                "r", 
                1
            ], 
            [
                4, 
                4, 
                2, 
                "r", 
                1
            ], 
            [
                4, 
                4, 
                2, 
                "r", 
                1
            ]
        ], 
        "children": []
    }, 
    {
        "prob": [
            1.0
        ], 
        "attr": 5, 
        "parent": 25402, 
        "feature": null, 
        "id": 25408, 
        "output": [
            1
        ], 
        "dataset": [
            [
                5, 
                4, 
                2, 
                "r", 
                1
            ], 
            [
                5, 
                4, 
                2, 
                "r", 
                1
            ], 
            [
                5, 
                4, 
                2, 
                "r", 
                1
            ], 
            [
                5, 
                4, 
                2, 
                "r", 
                1
            ], 
            [
                5, 
                4, 
                2, 
                "r", 
                1
            ], 
            [
                5, 
                4, 
                2, 
                "r", 
                1
            ], 
            [
                5, 
                4, 
                2, 
                "r", 
                1
            ], 
            [
                5, 
                4, 
                2, 
                "r", 
                1
            ], 
            [
                5, 
                4, 
                2, 
                "r", 
                1
            ], 
            [
                5, 
                4, 
                2, 
                "r", 
                1
            ], 
            [
                5, 
                4, 
                2, 
                "r", 
                1
            ], 
            [
                5, 
                4, 
                2, 
                "r", 
                1
            ], 
            [
                5, 
                4, 
                2, 
                "r", 
                1
            ], 
            [
                5, 
                4, 
                2, 
                "r", 
                1
            ], 
            [
                5, 
                4, 
                2, 
                "r", 
                1
            ], 
            [
                5, 
                4, 
                2, 
                "r", 
                1
            ], 
            [
                5, 
                4, 
                2, 
                "r", 
                1
            ], 
            [
                5, 
                4, 
                2, 
                "r", 
                1
            ], 
            [
                5, 
                4, 
                2, 
                "r", 
                1
            ], 
            [
                5, 
                4, 
                2, 
                "r", 
                1
            ], 
            [
                5, 
                4, 
                2, 
                "r", 
                1
            ], 
            [
                5, 
                4, 
                2, 
                "r", 
                1
            ], 
            [
                5, 
                4, 
                2, 
                "r", 
                1
            ], 
            [
                5, 
                4, 
                2, 
                "r", 
                1
            ], 
            [
                5, 
                4, 
                2, 
                "r", 
                1
            ], 
            [
                5, 
                4, 
                2, 
                "r", 
                1
            ], 
            [
                5, 
                4, 
                2, 
                "r", 
                1
            ], 
            [
                5, 
                4, 
                2, 
                "r", 
                1
            ], 
            [
                5, 
                4, 
                2, 
                "r", 
                1
            ], 
            [
                5, 
                4, 
                2, 
                "r", 
                1
            ], 
            [
                5, 
                4, 
                2, 
                "r", 
                1
            ], 
            [
                5, 
                4, 
                2, 
                "r", 
                1
            ], 
            [
                5, 
                4, 
                2, 
                "r", 
                1
            ], 
            [
                5, 
                4, 
                2, 
                "r", 
                1
            ], 
            [
                5, 
                4, 
                2, 
                "r", 
                1
            ], 
            [
                5, 
                4, 
                2, 
                "r", 
                1
            ], 
            [
                5, 
                4, 
                2, 
                "r", 
                1
            ], 
            [
                5, 
                4, 
                2, 
                "r", 
                1
            ], 
            [
                5, 
                4, 
                2, 
                "r", 
                1
            ], 
            [
                5, 
                4, 
                2, 
                "r", 
                1
            ], 
            [
                5, 
                4, 
                2, 
                "r", 
                1
            ], 
            [
                5, 
                4, 
                2, 
                "r", 
                1
            ], 
            [
                5, 
                4, 
                2, 
                "r", 
                1
            ], 
            [
                5, 
                4, 
                2, 
                "r", 
                1
            ], 
            [
                5, 
                4, 
                2, 
                "r", 
                1
            ], 
            [
                5, 
                4, 
                2, 
                "r", 
                1
            ], 
            [
                5, 
                4, 
                2, 
                "r", 
                1
            ], 
            [
                5, 
                4, 
                2, 
                "r", 
                1
            ], 
            [
                5, 
                4, 
                2, 
                "r", 
                1
            ], 
            [
                5, 
                4, 
                2, 
                "r", 
                1
            ], 
            [
                5, 
                4, 
                2, 
                "r", 
                1
            ], 
            [
                5, 
                4, 
                2, 
                "r", 
                1
            ]
        ], 
        "children": []
    }, 
    {
        "prob": [
            1.0
        ], 
        "attr": 6, 
        "parent": 25402, 
        "feature": null, 
        "id": 25409, 
        "output": [
            1
        ], 
        "dataset": [
            [
                6, 
                4, 
                2, 
                "r", 
                1
            ], 
            [
                6, 
                4, 
                2, 
                "r", 
                1
            ], 
            [
                6, 
                4, 
                2, 
                "r", 
                1
            ], 
            [
                6, 
                4, 
                2, 
                "r", 
                1
            ], 
            [
                6, 
                4, 
                2, 
                "r", 
                1
            ], 
            [
                6, 
                4, 
                2, 
                "r", 
                1
            ], 
            [
                6, 
                4, 
                2, 
                "r", 
                1
            ], 
            [
                6, 
                4, 
                2, 
                "r", 
                1
            ], 
            [
                6, 
                4, 
                2, 
                "r", 
                1
            ], 
            [
                6, 
                4, 
                2, 
                "r", 
                1
            ], 
            [
                6, 
                4, 
                2, 
                "r", 
                1
            ], 
            [
                6, 
                4, 
                2, 
                "r", 
                1
            ], 
            [
                6, 
                4, 
                2, 
                "r", 
                1
            ], 
            [
                6, 
                4, 
                2, 
                "r", 
                1
            ], 
            [
                6, 
                4, 
                2, 
                "r", 
                1
            ], 
            [
                6, 
                4, 
                2, 
                "r", 
                1
            ], 
            [
                6, 
                4, 
                2, 
                "r", 
                1
            ], 
            [
                6, 
                4, 
                2, 
                "r", 
                1
            ], 
            [
                6, 
                4, 
                2, 
                "r", 
                1
            ], 
            [
                6, 
                4, 
                2, 
                "r", 
                1
            ], 
            [
                6, 
                4, 
                2, 
                "r", 
                1
            ], 
            [
                6, 
                4, 
                2, 
                "r", 
                1
            ], 
            [
                6, 
                4, 
                2, 
                "r", 
                1
            ], 
            [
                6, 
                4, 
                2, 
                "r", 
                1
            ], 
            [
                6, 
                4, 
                2, 
                "r", 
                1
            ], 
            [
                6, 
                4, 
                2, 
                "r", 
                1
            ], 
            [
                6, 
                4, 
                2, 
                "r", 
                1
            ], 
            [
                6, 
                4, 
                2, 
                "r", 
                1
            ], 
            [
                6, 
                4, 
                2, 
                "r", 
                1
            ], 
            [
                6, 
                4, 
                2, 
                "r", 
                1
            ], 
            [
                6, 
                4, 
                2, 
                "r", 
                1
            ], 
            [
                6, 
                4, 
                2, 
                "r", 
                1
            ], 
            [
                6, 
                4, 
                2, 
                "r", 
                1
            ], 
            [
                6, 
                4, 
                2, 
                "r", 
                1
            ], 
            [
                6, 
                4, 
                2, 
                "r", 
                1
            ], 
            [
                6, 
                4, 
                2, 
                "r", 
                1
            ], 
            [
                6, 
                4, 
                2, 
                "r", 
                1
            ], 
            [
                6, 
                4, 
                2, 
                "r", 
                1
            ], 
            [
                6, 
                4, 
                2, 
                "r", 
                1
            ], 
            [
                6, 
                4, 
                2, 
                "r", 
                1
            ], 
            [
                6, 
                4, 
                2, 
                "r", 
                1
            ], 
            [
                6, 
                4, 
                2, 
                "r", 
                1
            ], 
            [
                6, 
                4, 
                2, 
                "r", 
                1
            ], 
            [
                6, 
                4, 
                2, 
                "r", 
                1
            ], 
            [
                6, 
                4, 
                2, 
                "r", 
                1
            ]
        ], 
        "children": []
    }, 
    {
        "prob": [
            1.0
        ], 
        "attr": 7, 
        "parent": 25402, 
        "feature": null, 
        "id": 25410, 
        "output": [
            1
        ], 
        "dataset": [
            [
                7, 
                4, 
                2, 
                "r", 
                1
            ], 
            [
                7, 
                4, 
                2, 
                "r", 
                1
            ], 
            [
                7, 
                4, 
                2, 
                "r", 
                1
            ], 
            [
                7, 
                4, 
                2, 
                "r", 
                1
            ], 
            [
                7, 
                4, 
                2, 
                "r", 
                1
            ], 
            [
                7, 
                4, 
                2, 
                "r", 
                1
            ], 
            [
                7, 
                4, 
                2, 
                "r", 
                1
            ], 
            [
                7, 
                4, 
                2, 
                "r", 
                1
            ], 
            [
                7, 
                4, 
                2, 
                "r", 
                1
            ], 
            [
                7, 
                4, 
                2, 
                "r", 
                1
            ], 
            [
                7, 
                4, 
                2, 
                "r", 
                1
            ], 
            [
                7, 
                4, 
                2, 
                "r", 
                1
            ], 
            [
                7, 
                4, 
                2, 
                "r", 
                1
            ], 
            [
                7, 
                4, 
                2, 
                "r", 
                1
            ], 
            [
                7, 
                4, 
                2, 
                "r", 
                1
            ], 
            [
                7, 
                4, 
                2, 
                "r", 
                1
            ], 
            [
                7, 
                4, 
                2, 
                "r", 
                1
            ], 
            [
                7, 
                4, 
                2, 
                "r", 
                1
            ], 
            [
                7, 
                4, 
                2, 
                "r", 
                1
            ], 
            [
                7, 
                4, 
                2, 
                "r", 
                1
            ], 
            [
                7, 
                4, 
                2, 
                "r", 
                1
            ], 
            [
                7, 
                4, 
                2, 
                "r", 
                1
            ], 
            [
                7, 
                4, 
                2, 
                "r", 
                1
            ], 
            [
                7, 
                4, 
                2, 
                "r", 
                1
            ], 
            [
                7, 
                4, 
                2, 
                "r", 
                1
            ], 
            [
                7, 
                4, 
                2, 
                "r", 
                1
            ], 
            [
                7, 
                4, 
                2, 
                "r", 
                1
            ], 
            [
                7, 
                4, 
                2, 
                "r", 
                1
            ], 
            [
                7, 
                4, 
                2, 
                "r", 
                1
            ], 
            [
                7, 
                4, 
                2, 
                "r", 
                1
            ], 
            [
                7, 
                4, 
                2, 
                "r", 
                1
            ], 
            [
                7, 
                4, 
                2, 
                "r", 
                1
            ], 
            [
                7, 
                4, 
                2, 
                "r", 
                1
            ], 
            [
                7, 
                4, 
                2, 
                "r", 
                1
            ], 
            [
                7, 
                4, 
                2, 
                "r", 
                1
            ], 
            [
                7, 
                4, 
                2, 
                "r", 
                1
            ], 
            [
                7, 
                4, 
                2, 
                "r", 
                1
            ]
        ], 
        "children": []
    }, 
    {
        "prob": [
            1.0
        ], 
        "attr": 8, 
        "parent": 25402, 
        "feature": null, 
        "id": 25411, 
        "output": [
            1
        ], 
        "dataset": [
            [
                8, 
                4, 
                2, 
                "r", 
                1
            ], 
            [
                8, 
                4, 
                2, 
                "r", 
                1
            ], 
            [
                8, 
                4, 
                2, 
                "r", 
                1
            ], 
            [
                8, 
                4, 
                2, 
                "r", 
                1
            ], 
            [
                8, 
                4, 
                2, 
                "r", 
                1
            ], 
            [
                8, 
                4, 
                2, 
                "r", 
                1
            ], 
            [
                8, 
                4, 
                2, 
                "r", 
                1
            ], 
            [
                8, 
                4, 
                2, 
                "r", 
                1
            ], 
            [
                8, 
                4, 
                2, 
                "r", 
                1
            ], 
            [
                8, 
                4, 
                2, 
                "r", 
                1
            ], 
            [
                8, 
                4, 
                2, 
                "r", 
                1
            ], 
            [
                8, 
                4, 
                2, 
                "r", 
                1
            ], 
            [
                8, 
                4, 
                2, 
                "r", 
                1
            ], 
            [
                8, 
                4, 
                2, 
                "r", 
                1
            ], 
            [
                8, 
                4, 
                2, 
                "r", 
                1
            ], 
            [
                8, 
                4, 
                2, 
                "r", 
                1
            ], 
            [
                8, 
                4, 
                2, 
                "r", 
                1
            ], 
            [
                8, 
                4, 
                2, 
                "r", 
                1
            ], 
            [
                8, 
                4, 
                2, 
                "r", 
                1
            ], 
            [
                8, 
                4, 
                2, 
                "r", 
                1
            ], 
            [
                8, 
                4, 
                2, 
                "r", 
                1
            ], 
            [
                8, 
                4, 
                2, 
                "r", 
                1
            ], 
            [
                8, 
                4, 
                2, 
                "r", 
                1
            ], 
            [
                8, 
                4, 
                2, 
                "r", 
                1
            ], 
            [
                8, 
                4, 
                2, 
                "r", 
                1
            ], 
            [
                8, 
                4, 
                2, 
                "r", 
                1
            ], 
            [
                8, 
                4, 
                2, 
                "r", 
                1
            ], 
            [
                8, 
                4, 
                2, 
                "r", 
                1
            ], 
            [
                8, 
                4, 
                2, 
                "r", 
                1
            ]
        ], 
        "children": []
    }, 
    {
        "prob": [
            1.0
        ], 
        "attr": 9, 
        "parent": 25402, 
        "feature": null, 
        "id": 25412, 
        "output": [
            1
        ], 
        "dataset": [
            [
                9, 
                4, 
                2, 
                "r", 
                1
            ], 
            [
                9, 
                4, 
                2, 
                "r", 
                1
            ], 
            [
                9, 
                4, 
                2, 
                "r", 
                1
            ], 
            [
                9, 
                4, 
                2, 
                "r", 
                1
            ], 
            [
                9, 
                4, 
                2, 
                "r", 
                1
            ], 
            [
                9, 
                4, 
                2, 
                "r", 
                1
            ], 
            [
                9, 
                4, 
                2, 
                "r", 
                1
            ], 
            [
                9, 
                4, 
                2, 
                "r", 
                1
            ], 
            [
                9, 
                4, 
                2, 
                "r", 
                1
            ], 
            [
                9, 
                4, 
                2, 
                "r", 
                1
            ], 
            [
                9, 
                4, 
                2, 
                "r", 
                1
            ], 
            [
                9, 
                4, 
                2, 
                "r", 
                1
            ], 
            [
                9, 
                4, 
                2, 
                "r", 
                1
            ], 
            [
                9, 
                4, 
                2, 
                "r", 
                1
            ], 
            [
                9, 
                4, 
                2, 
                "r", 
                1
            ], 
            [
                9, 
                4, 
                2, 
                "r", 
                1
            ], 
            [
                9, 
                4, 
                2, 
                "r", 
                1
            ], 
            [
                9, 
                4, 
                2, 
                "r", 
                1
            ], 
            [
                9, 
                4, 
                2, 
                "r", 
                1
            ], 
            [
                9, 
                4, 
                2, 
                "r", 
                1
            ]
        ], 
        "children": []
    }, 
    {
        "prob": [
            1.0
        ], 
        "attr": 10, 
        "parent": 25402, 
        "feature": null, 
        "id": 25413, 
        "output": [
            0
        ], 
        "dataset": [
            [
                10, 
                4, 
                2, 
                "r", 
                0
            ], 
            [
                10, 
                4, 
                2, 
                "r", 
                0
            ], 
            [
                10, 
                4, 
                2, 
                "r", 
                0
            ], 
            [
                10, 
                4, 
                2, 
                "r", 
                0
            ], 
            [
                10, 
                4, 
                2, 
                "r", 
                0
            ], 
            [
                10, 
                4, 
                2, 
                "r", 
                0
            ], 
            [
                10, 
                4, 
                2, 
                "r", 
                0
            ]
        ], 
        "children": []
    }, 
    {
        "prob": [
            0.03553299492385787, 
            0.07614213197969544, 
            0.1116751269035533, 
            0.15228426395939088, 
            0.19289340101522842, 
            0.233502538071066, 
            0.04060913705583756, 
            0.04060913705583756, 
            0.04060913705583756, 
            0.04060913705583756, 
            0.03553299492385787
        ], 
        "attr": "l", 
        "parent": 25401, 
        "feature": 0, 
        "id": 25414, 
        "output": null, 
        "dataset": null, 
        "children": [
            25415, 
            25416, 
            25417, 
            25418, 
            25419, 
            25420, 
            25421, 
            25422, 
            25423, 
            25424, 
            25425
        ]
    }, 
    {
        "prob": [
            1.0
        ], 
        "attr": 0, 
        "parent": 25414, 
        "feature": null, 
        "id": 25415, 
        "output": [
            0
        ], 
        "dataset": [
            [
                0, 
                4, 
                2, 
                "l", 
                0
            ], 
            [
                0, 
                4, 
                2, 
                "l", 
                0
            ], 
            [
                0, 
                4, 
                2, 
                "l", 
                0
            ], 
            [
                0, 
                4, 
                2, 
                "l", 
                0
            ], 
            [
                0, 
                4, 
                2, 
                "l", 
                0
            ], 
            [
                0, 
                4, 
                2, 
                "l", 
                0
            ], 
            [
                0, 
                4, 
                2, 
                "l", 
                0
            ]
        ], 
        "children": []
    }, 
    {
        "prob": [
            1.0
        ], 
        "attr": 1, 
        "parent": 25414, 
        "feature": null, 
        "id": 25416, 
        "output": [
            -1
        ], 
        "dataset": [
            [
                1, 
                4, 
                2, 
                "l", 
                -1
            ], 
            [
                1, 
                4, 
                2, 
                "l", 
                -1
            ], 
            [
                1, 
                4, 
                2, 
                "l", 
                -1
            ], 
            [
                1, 
                4, 
                2, 
                "l", 
                -1
            ], 
            [
                1, 
                4, 
                2, 
                "l", 
                -1
            ], 
            [
                1, 
                4, 
                2, 
                "l", 
                -1
            ], 
            [
                1, 
                4, 
                2, 
                "l", 
                -1
            ], 
            [
                1, 
                4, 
                2, 
                "l", 
                -1
            ], 
            [
                1, 
                4, 
                2, 
                "l", 
                -1
            ], 
            [
                1, 
                4, 
                2, 
                "l", 
                -1
            ], 
            [
                1, 
                4, 
                2, 
                "l", 
                -1
            ], 
            [
                1, 
                4, 
                2, 
                "l", 
                -1
            ], 
            [
                1, 
                4, 
                2, 
                "l", 
                -1
            ], 
            [
                1, 
                4, 
                2, 
                "l", 
                -1
            ], 
            [
                1, 
                4, 
                2, 
                "l", 
                -1
            ]
        ], 
        "children": []
    }, 
    {
        "prob": [
            1.0
        ], 
        "attr": 2, 
        "parent": 25414, 
        "feature": null, 
        "id": 25417, 
        "output": [
            -1
        ], 
        "dataset": [
            [
                2, 
                4, 
                2, 
                "l", 
                -1
            ], 
            [
                2, 
                4, 
                2, 
                "l", 
                -1
            ], 
            [
                2, 
                4, 
                2, 
                "l", 
                -1
            ], 
            [
                2, 
                4, 
                2, 
                "l", 
                -1
            ], 
            [
                2, 
                4, 
                2, 
                "l", 
                -1
            ], 
            [
                2, 
                4, 
                2, 
                "l", 
                -1
            ], 
            [
                2, 
                4, 
                2, 
                "l", 
                -1
            ], 
            [
                2, 
                4, 
                2, 
                "l", 
                -1
            ], 
            [
                2, 
                4, 
                2, 
                "l", 
                -1
            ], 
            [
                2, 
                4, 
                2, 
                "l", 
                -1
            ], 
            [
                2, 
                4, 
                2, 
                "l", 
                -1
            ], 
            [
                2, 
                4, 
                2, 
                "l", 
                -1
            ], 
            [
                2, 
                4, 
                2, 
                "l", 
                -1
            ], 
            [
                2, 
                4, 
                2, 
                "l", 
                -1
            ], 
            [
                2, 
                4, 
                2, 
                "l", 
                -1
            ], 
            [
                2, 
                4, 
                2, 
                "l", 
                -1
            ], 
            [
                2, 
                4, 
                2, 
                "l", 
                -1
            ], 
            [
                2, 
                4, 
                2, 
                "l", 
                -1
            ], 
            [
                2, 
                4, 
                2, 
                "l", 
                -1
            ], 
            [
                2, 
                4, 
                2, 
                "l", 
                -1
            ], 
            [
                2, 
                4, 
                2, 
                "l", 
                -1
            ], 
            [
                2, 
                4, 
                2, 
                "l", 
                -1
            ]
        ], 
        "children": []
    }, 
    {
        "prob": [
            1.0
        ], 
        "attr": 3, 
        "parent": 25414, 
        "feature": null, 
        "id": 25418, 
        "output": [
            -1
        ], 
        "dataset": [
            [
                3, 
                4, 
                2, 
                "l", 
                -1
            ], 
            [
                3, 
                4, 
                2, 
                "l", 
                -1
            ], 
            [
                3, 
                4, 
                2, 
                "l", 
                -1
            ], 
            [
                3, 
                4, 
                2, 
                "l", 
                -1
            ], 
            [
                3, 
                4, 
                2, 
                "l", 
                -1
            ], 
            [
                3, 
                4, 
                2, 
                "l", 
                -1
            ], 
            [
                3, 
                4, 
                2, 
                "l", 
                -1
            ], 
            [
                3, 
                4, 
                2, 
                "l", 
                -1
            ], 
            [
                3, 
                4, 
                2, 
                "l", 
                -1
            ], 
            [
                3, 
                4, 
                2, 
                "l", 
                -1
            ], 
            [
                3, 
                4, 
                2, 
                "l", 
                -1
            ], 
            [
                3, 
                4, 
                2, 
                "l", 
                -1
            ], 
            [
                3, 
                4, 
                2, 
                "l", 
                -1
            ], 
            [
                3, 
                4, 
                2, 
                "l", 
                -1
            ], 
            [
                3, 
                4, 
                2, 
                "l", 
                -1
            ], 
            [
                3, 
                4, 
                2, 
                "l", 
                -1
            ], 
            [
                3, 
                4, 
                2, 
                "l", 
                -1
            ], 
            [
                3, 
                4, 
                2, 
                "l", 
                -1
            ], 
            [
                3, 
                4, 
                2, 
                "l", 
                -1
            ], 
            [
                3, 
                4, 
                2, 
                "l", 
                -1
            ], 
            [
                3, 
                4, 
                2, 
                "l", 
                -1
            ], 
            [
                3, 
                4, 
                2, 
                "l", 
                -1
            ], 
            [
                3, 
                4, 
                2, 
                "l", 
                -1
            ], 
            [
                3, 
                4, 
                2, 
                "l", 
                -1
            ], 
            [
                3, 
                4, 
                2, 
                "l", 
                -1
            ], 
            [
                3, 
                4, 
                2, 
                "l", 
                -1
            ], 
            [
                3, 
                4, 
                2, 
                "l", 
                -1
            ], 
            [
                3, 
                4, 
                2, 
                "l", 
                -1
            ], 
            [
                3, 
                4, 
                2, 
                "l", 
                -1
            ], 
            [
                3, 
                4, 
                2, 
                "l", 
                -1
            ]
        ], 
        "children": []
    }, 
    {
        "prob": [
            1.0
        ], 
        "attr": 4, 
        "parent": 25414, 
        "feature": null, 
        "id": 25419, 
        "output": [
            -1
        ], 
        "dataset": [
            [
                4, 
                4, 
                2, 
                "l", 
                -1
            ], 
            [
                4, 
                4, 
                2, 
                "l", 
                -1
            ], 
            [
                4, 
                4, 
                2, 
                "l", 
                -1
            ], 
            [
                4, 
                4, 
                2, 
                "l", 
                -1
            ], 
            [
                4, 
                4, 
                2, 
                "l", 
                -1
            ], 
            [
                4, 
                4, 
                2, 
                "l", 
                -1
            ], 
            [
                4, 
                4, 
                2, 
                "l", 
                -1
            ], 
            [
                4, 
                4, 
                2, 
                "l", 
                -1
            ], 
            [
                4, 
                4, 
                2, 
                "l", 
                -1
            ], 
            [
                4, 
                4, 
                2, 
                "l", 
                -1
            ], 
            [
                4, 
                4, 
                2, 
                "l", 
                -1
            ], 
            [
                4, 
                4, 
                2, 
                "l", 
                -1
            ], 
            [
                4, 
                4, 
                2, 
                "l", 
                -1
            ], 
            [
                4, 
                4, 
                2, 
                "l", 
                -1
            ], 
            [
                4, 
                4, 
                2, 
                "l", 
                -1
            ], 
            [
                4, 
                4, 
                2, 
                "l", 
                -1
            ], 
            [
                4, 
                4, 
                2, 
                "l", 
                -1
            ], 
            [
                4, 
                4, 
                2, 
                "l", 
                -1
            ], 
            [
                4, 
                4, 
                2, 
                "l", 
                -1
            ], 
            [
                4, 
                4, 
                2, 
                "l", 
                -1
            ], 
            [
                4, 
                4, 
                2, 
                "l", 
                -1
            ], 
            [
                4, 
                4, 
                2, 
                "l", 
                -1
            ], 
            [
                4, 
                4, 
                2, 
                "l", 
                -1
            ], 
            [
                4, 
                4, 
                2, 
                "l", 
                -1
            ], 
            [
                4, 
                4, 
                2, 
                "l", 
                -1
            ], 
            [
                4, 
                4, 
                2, 
                "l", 
                -1
            ], 
            [
                4, 
                4, 
                2, 
                "l", 
                -1
            ], 
            [
                4, 
                4, 
                2, 
                "l", 
                -1
            ], 
            [
                4, 
                4, 
                2, 
                "l", 
                -1
            ], 
            [
                4, 
                4, 
                2, 
                "l", 
                -1
            ], 
            [
                4, 
                4, 
                2, 
                "l", 
                -1
            ], 
            [
                4, 
                4, 
                2, 
                "l", 
                -1
            ], 
            [
                4, 
                4, 
                2, 
                "l", 
                -1
            ], 
            [
                4, 
                4, 
                2, 
                "l", 
                -1
            ], 
            [
                4, 
                4, 
                2, 
                "l", 
                -1
            ], 
            [
                4, 
                4, 
                2, 
                "l", 
                -1
            ], 
            [
                4, 
                4, 
                2, 
                "l", 
                -1
            ], 
            [
                4, 
                4, 
                2, 
                "l", 
                -1
            ]
        ], 
        "children": []
    }, 
    {
        "prob": [
            1.0
        ], 
        "attr": 5, 
        "parent": 25414, 
        "feature": null, 
        "id": 25420, 
        "output": [
            -1
        ], 
        "dataset": [
            [
                5, 
                4, 
                2, 
                "l", 
                -1
            ], 
            [
                5, 
                4, 
                2, 
                "l", 
                -1
            ], 
            [
                5, 
                4, 
                2, 
                "l", 
                -1
            ], 
            [
                5, 
                4, 
                2, 
                "l", 
                -1
            ], 
            [
                5, 
                4, 
                2, 
                "l", 
                -1
            ], 
            [
                5, 
                4, 
                2, 
                "l", 
                -1
            ], 
            [
                5, 
                4, 
                2, 
                "l", 
                -1
            ], 
            [
                5, 
                4, 
                2, 
                "l", 
                -1
            ], 
            [
                5, 
                4, 
                2, 
                "l", 
                -1
            ], 
            [
                5, 
                4, 
                2, 
                "l", 
                -1
            ], 
            [
                5, 
                4, 
                2, 
                "l", 
                -1
            ], 
            [
                5, 
                4, 
                2, 
                "l", 
                -1
            ], 
            [
                5, 
                4, 
                2, 
                "l", 
                -1
            ], 
            [
                5, 
                4, 
                2, 
                "l", 
                -1
            ], 
            [
                5, 
                4, 
                2, 
                "l", 
                -1
            ], 
            [
                5, 
                4, 
                2, 
                "l", 
                -1
            ], 
            [
                5, 
                4, 
                2, 
                "l", 
                -1
            ], 
            [
                5, 
                4, 
                2, 
                "l", 
                -1
            ], 
            [
                5, 
                4, 
                2, 
                "l", 
                -1
            ], 
            [
                5, 
                4, 
                2, 
                "l", 
                -1
            ], 
            [
                5, 
                4, 
                2, 
                "l", 
                -1
            ], 
            [
                5, 
                4, 
                2, 
                "l", 
                -1
            ], 
            [
                5, 
                4, 
                2, 
                "l", 
                -1
            ], 
            [
                5, 
                4, 
                2, 
                "l", 
                -1
            ], 
            [
                5, 
                4, 
                2, 
                "l", 
                -1
            ], 
            [
                5, 
                4, 
                2, 
                "l", 
                -1
            ], 
            [
                5, 
                4, 
                2, 
                "l", 
                -1
            ], 
            [
                5, 
                4, 
                2, 
                "l", 
                -1
            ], 
            [
                5, 
                4, 
                2, 
                "l", 
                -1
            ], 
            [
                5, 
                4, 
                2, 
                "l", 
                -1
            ], 
            [
                5, 
                4, 
                2, 
                "l", 
                -1
            ], 
            [
                5, 
                4, 
                2, 
                "l", 
                -1
            ], 
            [
                5, 
                4, 
                2, 
                "l", 
                -1
            ], 
            [
                5, 
                4, 
                2, 
                "l", 
                -1
            ], 
            [
                5, 
                4, 
                2, 
                "l", 
                -1
            ], 
            [
                5, 
                4, 
                2, 
                "l", 
                -1
            ], 
            [
                5, 
                4, 
                2, 
                "l", 
                -1
            ], 
            [
                5, 
                4, 
                2, 
                "l", 
                -1
            ], 
            [
                5, 
                4, 
                2, 
                "l", 
                -1
            ], 
            [
                5, 
                4, 
                2, 
                "l", 
                -1
            ], 
            [
                5, 
                4, 
                2, 
                "l", 
                -1
            ], 
            [
                5, 
                4, 
                2, 
                "l", 
                -1
            ], 
            [
                5, 
                4, 
                2, 
                "l", 
                -1
            ], 
            [
                5, 
                4, 
                2, 
                "l", 
                -1
            ], 
            [
                5, 
                4, 
                2, 
                "l", 
                -1
            ], 
            [
                5, 
                4, 
                2, 
                "l", 
                -1
            ]
        ], 
        "children": []
    }, 
    {
        "prob": [
            1.0
        ], 
        "attr": 6, 
        "parent": 25414, 
        "feature": null, 
        "id": 25421, 
        "output": [
            -1
        ], 
        "dataset": [
            [
                6, 
                4, 
                2, 
                "l", 
                -1
            ], 
            [
                6, 
                4, 
                2, 
                "l", 
                -1
            ], 
            [
                6, 
                4, 
                2, 
                "l", 
                -1
            ], 
            [
                6, 
                4, 
                2, 
                "l", 
                -1
            ], 
            [
                6, 
                4, 
                2, 
                "l", 
                -1
            ], 
            [
                6, 
                4, 
                2, 
                "l", 
                -1
            ], 
            [
                6, 
                4, 
                2, 
                "l", 
                -1
            ], 
            [
                6, 
                4, 
                2, 
                "l", 
                -1
            ]
        ], 
        "children": []
    }, 
    {
        "prob": [
            1.0
        ], 
        "attr": 7, 
        "parent": 25414, 
        "feature": null, 
        "id": 25422, 
        "output": [
            -1
        ], 
        "dataset": [
            [
                7, 
                4, 
                2, 
                "l", 
                -1
            ], 
            [
                7, 
                4, 
                2, 
                "l", 
                -1
            ], 
            [
                7, 
                4, 
                2, 
                "l", 
                -1
            ], 
            [
                7, 
                4, 
                2, 
                "l", 
                -1
            ], 
            [
                7, 
                4, 
                2, 
                "l", 
                -1
            ], 
            [
                7, 
                4, 
                2, 
                "l", 
                -1
            ], 
            [
                7, 
                4, 
                2, 
                "l", 
                -1
            ], 
            [
                7, 
                4, 
                2, 
                "l", 
                -1
            ]
        ], 
        "children": []
    }, 
    {
        "prob": [
            1.0
        ], 
        "attr": 8, 
        "parent": 25414, 
        "feature": null, 
        "id": 25423, 
        "output": [
            -1
        ], 
        "dataset": [
            [
                8, 
                4, 
                2, 
                "l", 
                -1
            ], 
            [
                8, 
                4, 
                2, 
                "l", 
                -1
            ], 
            [
                8, 
                4, 
                2, 
                "l", 
                -1
            ], 
            [
                8, 
                4, 
                2, 
                "l", 
                -1
            ], 
            [
                8, 
                4, 
                2, 
                "l", 
                -1
            ], 
            [
                8, 
                4, 
                2, 
                "l", 
                -1
            ], 
            [
                8, 
                4, 
                2, 
                "l", 
                -1
            ], 
            [
                8, 
                4, 
                2, 
                "l", 
                -1
            ]
        ], 
        "children": []
    }, 
    {
        "prob": [
            1.0
        ], 
        "attr": 9, 
        "parent": 25414, 
        "feature": null, 
        "id": 25424, 
        "output": [
            -1
        ], 
        "dataset": [
            [
                9, 
                4, 
                2, 
                "l", 
                -1
            ], 
            [
                9, 
                4, 
                2, 
                "l", 
                -1
            ], 
            [
                9, 
                4, 
                2, 
                "l", 
                -1
            ], 
            [
                9, 
                4, 
                2, 
                "l", 
                -1
            ], 
            [
                9, 
                4, 
                2, 
                "l", 
                -1
            ], 
            [
                9, 
                4, 
                2, 
                "l", 
                -1
            ], 
            [
                9, 
                4, 
                2, 
                "l", 
                -1
            ], 
            [
                9, 
                4, 
                2, 
                "l", 
                -1
            ]
        ], 
        "children": []
    }, 
    {
        "prob": [
            1.0
        ], 
        "attr": 10, 
        "parent": 25414, 
        "feature": null, 
        "id": 25425, 
        "output": [
            -1
        ], 
        "dataset": [
            [
                10, 
                4, 
                2, 
                "l", 
                -1
            ], 
            [
                10, 
                4, 
                2, 
                "l", 
                -1
            ], 
            [
                10, 
                4, 
                2, 
                "l", 
                -1
            ], 
            [
                10, 
                4, 
                2, 
                "l", 
                -1
            ], 
            [
                10, 
                4, 
                2, 
                "l", 
                -1
            ], 
            [
                10, 
                4, 
                2, 
                "l", 
                -1
            ], 
            [
                10, 
                4, 
                2, 
                "l", 
                -1
            ]
        ], 
        "children": []
    }, 
    {
        "prob": [
            1.0
        ], 
        "attr": "kick", 
        "parent": 25401, 
        "feature": null, 
        "id": 25426, 
        "output": [
            0
        ], 
        "dataset": [
            [
                0, 
                4, 
                2, 
                "kick", 
                0
            ], 
            [
                5, 
                4, 
                2, 
                "kick", 
                0
            ], 
            [
                4, 
                4, 
                2, 
                "kick", 
                0
            ], 
            [
                6, 
                4, 
                2, 
                "kick", 
                0
            ], 
            [
                7, 
                4, 
                2, 
                "kick", 
                0
            ], 
            [
                3, 
                4, 
                2, 
                "kick", 
                0
            ], 
            [
                2, 
                4, 
                2, 
                "kick", 
                0
            ], 
            [
                8, 
                4, 
                2, 
                "kick", 
                0
            ], 
            [
                1, 
                4, 
                2, 
                "kick", 
                0
            ], 
            [
                9, 
                4, 
                2, 
                "kick", 
                0
            ], 
            [
                3, 
                4, 
                2, 
                "kick", 
                0
            ], 
            [
                10, 
                4, 
                2, 
                "kick", 
                0
            ], 
            [
                10, 
                4, 
                2, 
                "kick", 
                0
            ], 
            [
                9, 
                4, 
                2, 
                "kick", 
                0
            ], 
            [
                5, 
                4, 
                2, 
                "kick", 
                0
            ], 
            [
                4, 
                4, 
                2, 
                "kick", 
                0
            ], 
            [
                6, 
                4, 
                2, 
                "kick", 
                0
            ], 
            [
                2, 
                4, 
                2, 
                "kick", 
                0
            ], 
            [
                7, 
                4, 
                2, 
                "kick", 
                0
            ], 
            [
                8, 
                4, 
                2, 
                "kick", 
                0
            ], 
            [
                1, 
                4, 
                2, 
                "kick", 
                0
            ], 
            [
                0, 
                4, 
                2, 
                "kick", 
                0
            ], 
            [
                0, 
                4, 
                2, 
                "kick", 
                0
            ], 
            [
                5, 
                4, 
                2, 
                "kick", 
                0
            ], 
            [
                4, 
                4, 
                2, 
                "kick", 
                0
            ], 
            [
                6, 
                4, 
                2, 
                "kick", 
                0
            ], 
            [
                3, 
                4, 
                2, 
                "kick", 
                0
            ], 
            [
                2, 
                4, 
                2, 
                "kick", 
                0
            ], 
            [
                7, 
                4, 
                2, 
                "kick", 
                0
            ], 
            [
                1, 
                4, 
                2, 
                "kick", 
                0
            ], 
            [
                8, 
                4, 
                2, 
                "kick", 
                0
            ], 
            [
                9, 
                4, 
                2, 
                "kick", 
                0
            ], 
            [
                10, 
                4, 
                2, 
                "kick", 
                0
            ], 
            [
                9, 
                4, 
                2, 
                "kick", 
                0
            ], 
            [
                5, 
                4, 
                2, 
                "kick", 
                0
            ], 
            [
                4, 
                4, 
                2, 
                "kick", 
                0
            ], 
            [
                6, 
                4, 
                2, 
                "kick", 
                0
            ], 
            [
                3, 
                4, 
                2, 
                "kick", 
                0
            ], 
            [
                7, 
                4, 
                2, 
                "kick", 
                0
            ], 
            [
                8, 
                4, 
                2, 
                "kick", 
                0
            ], 
            [
                2, 
                4, 
                2, 
                "kick", 
                0
            ], 
            [
                10, 
                4, 
                2, 
                "kick", 
                0
            ], 
            [
                1, 
                4, 
                2, 
                "kick", 
                0
            ], 
            [
                0, 
                4, 
                2, 
                "kick", 
                0
            ], 
            [
                9, 
                4, 
                2, 
                "kick", 
                0
            ], 
            [
                5, 
                4, 
                2, 
                "kick", 
                0
            ], 
            [
                4, 
                4, 
                2, 
                "kick", 
                0
            ], 
            [
                6, 
                4, 
                2, 
                "kick", 
                0
            ], 
            [
                3, 
                4, 
                2, 
                "kick", 
                0
            ], 
            [
                7, 
                4, 
                2, 
                "kick", 
                0
            ], 
            [
                8, 
                4, 
                2, 
                "kick", 
                0
            ], 
            [
                2, 
                4, 
                2, 
                "kick", 
                0
            ], 
            [
                10, 
                4, 
                2, 
                "kick", 
                0
            ], 
            [
                1, 
                4, 
                2, 
                "kick", 
                0
            ], 
            [
                0, 
                4, 
                2, 
                "kick", 
                0
            ], 
            [
                9, 
                4, 
                2, 
                "kick", 
                0
            ], 
            [
                5, 
                4, 
                2, 
                "kick", 
                0
            ], 
            [
                4, 
                4, 
                2, 
                "kick", 
                0
            ], 
            [
                6, 
                4, 
                2, 
                "kick", 
                0
            ], 
            [
                3, 
                4, 
                2, 
                "kick", 
                0
            ], 
            [
                7, 
                4, 
                2, 
                "kick", 
                0
            ], 
            [
                8, 
                4, 
                2, 
                "kick", 
                0
            ], 
            [
                2, 
                4, 
                2, 
                "kick", 
                0
            ], 
            [
                10, 
                4, 
                2, 
                "kick", 
                0
            ], 
            [
                1, 
                4, 
                2, 
                "kick", 
                0
            ], 
            [
                0, 
                4, 
                2, 
                "kick", 
                0
            ], 
            [
                9, 
                4, 
                2, 
                "kick", 
                0
            ], 
            [
                5, 
                4, 
                2, 
                "kick", 
                0
            ], 
            [
                4, 
                4, 
                2, 
                "kick", 
                0
            ], 
            [
                6, 
                4, 
                2, 
                "kick", 
                0
            ], 
            [
                3, 
                4, 
                2, 
                "kick", 
                0
            ], 
            [
                7, 
                4, 
                2, 
                "kick", 
                0
            ], 
            [
                8, 
                4, 
                2, 
                "kick", 
                0
            ], 
            [
                2, 
                4, 
                2, 
                "kick", 
                0
            ], 
            [
                10, 
                4, 
                2, 
                "kick", 
                0
            ], 
            [
                1, 
                4, 
                2, 
                "kick", 
                0
            ], 
            [
                0, 
                4, 
                2, 
                "kick", 
                0
            ], 
            [
                9, 
                4, 
                2, 
                "kick", 
                0
            ], 
            [
                5, 
                4, 
                2, 
                "kick", 
                0
            ], 
            [
                4, 
                4, 
                2, 
                "kick", 
                0
            ], 
            [
                6, 
                4, 
                2, 
                "kick", 
                0
            ], 
            [
                3, 
                4, 
                2, 
                "kick", 
                0
            ], 
            [
                7, 
                4, 
                2, 
                "kick", 
                0
            ], 
            [
                8, 
                4, 
                2, 
                "kick", 
                0
            ], 
            [
                2, 
                4, 
                2, 
                "kick", 
                0
            ], 
            [
                10, 
                4, 
                2, 
                "kick", 
                0
            ], 
            [
                10, 
                4, 
                2, 
                "kick", 
                0
            ], 
            [
                10, 
                4, 
                2, 
                "kick", 
                0
            ], 
            [
                10, 
                4, 
                2, 
                "kick", 
                0
            ], 
            [
                10, 
                4, 
                2, 
                "kick", 
                0
            ], 
            [
                10, 
                4, 
                2, 
                "kick", 
                0
            ]
        ], 
        "children": []
    }
]
